=== [1/6] Bien dich RTL (DUT) ===
vlog -timescale 1ns/1ps \
    ../rtl/ddr5_phy_register_file.sv \
    ../rtl/ddr5_phy_frequency_ratio.sv \
    ../rtl/ddr5_phy_command_address.sv \
    ../rtl/ddr5_phy_crc_x4.sv \
    ../rtl/ddr5_phy_crc.sv \
    ../rtl/ddr5_phy_write_counter.sv \
    ../rtl/ddr5_phy_write_shift.sv \
    ../rtl/ddr5_phy_write_fsm.sv \
    ../rtl/ddr5_phy_write_manager.sv \
    ../rtl/ddr5_phy_top.sv
QuestaSim-64 vlog 10.2c Compiler 2013.07 Jul 19 2013
-- Compiling module ddr5_phy_register_file
-- Compiling module ddr5_phy_frequency_ratio
-- Compiling module ddr5_phy_command_address
-- Compiling module ddr5_phy_crc_x4
-- Compiling module ddr5_phy_crc
-- Compiling module ddr5_phy_write_counters
-- Compiling module ddr5_phy_write_shift
-- Compiling module ddr5_phy_write_fsm
-- Compiling module ddr5_phy_write_manager
-- Compiling module ddr5_phy_top

Top level modules:
        ddr5_phy_top
=== [2/6] Bien dich Interface goc ===
vlog -timescale 1ns/1ps \
    ../tb/ddr5_phy_if.sv
QuestaSim-64 vlog 10.2c Compiler 2013.07 Jul 19 2013
-- Compiling interface ddr5_phy_if

Top level modules:
        --none--
=== [3/6] Bien dich Assertion Module ===
vlog -timescale 1ns/1ps \
    ../tb/ddr5_assertions.sv
QuestaSim-64 vlog 10.2c Compiler 2013.07 Jul 19 2013
-- Compiling module ddr5_assertions

Top level modules:
        ddr5_assertions
=== [4/6] Bien dich TB Package (UVM) ===
vlog -timescale 1ns/1ps \
     \
    +incdir+../tb \
    ../tb/tb_pkg.sv
QuestaSim-64 vlog 10.2c Compiler 2013.07 Jul 19 2013
-- Compiling package tb_pkg
-- Importing package mtiUvm.uvm_pkg (uvm-1.1d Built-in)
** Note: (vlog-2286) Using implicit +incdir+E:/ProgramFiles/Questasim/uvm-1.1d/../verilog_src/uvm-1.1d/src from import uvm_pkg

Top level modules:
        --none--
=== [5/6] Bien dich Top Testbench goc ===
vlog -timescale 1ns/1ps \
     \
    +incdir+../tb \
    ../tb/tb_top.sv
QuestaSim-64 vlog 10.2c Compiler 2013.07 Jul 19 2013
** Note: (vlog-2286) Using implicit +incdir+E:/ProgramFiles/Questasim/uvm-1.1d/../verilog_src/uvm-1.1d/src from import uvm_pkg
-- Compiling package tb_top_sv_unit
-- Importing package mtiUvm.uvm_pkg (uvm-1.1d Built-in)
-- Importing package tb_pkg
-- Compiling module tb_top

Top level modules:
        tb_top
=== Compile HOAN TAT (5 buoc) ===
=== [6/6] Bien dich Speed Test Top Modules ===
    tb_top_3200: DDR5-3200 (clock ~1603 MHz, half-period=312ps) ===
vlog -timescale 1ps/1fs \
    +incdir+../tb \
    ../tb/tb_top_3200.sv
QuestaSim-64 vlog 10.2c Compiler 2013.07 Jul 19 2013
** Note: (vlog-2286) Using implicit +incdir+E:/ProgramFiles/Questasim/uvm-1.1d/../verilog_src/uvm-1.1d/src from import uvm_pkg
-- Compiling package tb_top_3200_sv_unit
-- Importing package mtiUvm.uvm_pkg (uvm-1.1d Built-in)
-- Importing package tb_pkg
-- Compiling module tb_top_3200

Top level modules:
        tb_top_3200
    tb_top_6400: DDR5-6400 (clock ~3205 MHz, half-period=156ps) ===
vlog -timescale 1ps/1fs \
    +incdir+../tb \
    ../tb/tb_top_6400.sv
QuestaSim-64 vlog 10.2c Compiler 2013.07 Jul 19 2013
** Note: (vlog-2286) Using implicit +incdir+E:/ProgramFiles/Questasim/uvm-1.1d/../verilog_src/uvm-1.1d/src from import uvm_pkg
-- Compiling package tb_top_6400_sv_unit
-- Importing package mtiUvm.uvm_pkg (uvm-1.1d Built-in)
-- Importing package tb_pkg
-- Compiling module tb_top_6400

Top level modules:
        tb_top_6400
=== Compile Speed HOAN TAT (6/6 buoc) ===
======================================
  REGRESSION: Chay tat ca 12 test
  Original 7 tests:
    1. ddr5_single_write_test
    2. ddr5_burst_write_test
    3. ddr5_random_write_test
    4. ddr5_masked_write_test
    5. ddr5_mrw_timing_test
    6. ddr5_rank_mask_test
    7. ddr5_coverage_test
  Speed tests:
    8. ddr5_3200_speed_test (DDR5-3200)
    9. ddr5_6400_speed_test (DDR5-6400)
  FSM/MRW tests:
    10. ddr5_fsm_write_test
    11. ddr5_mrw_variant_test
  Burst Length Coverage test:
    12. ddr5_burst_len_variation_test
======================================
make sim TEST=ddr5_single_write_test
make[1]: Entering directory '/e/tostudy/learned/HK10/Do An Tot Nghiep/practices/ddr5_phy_uvm/sim'
vsim -t 1ps \
    -suppress 3009 \
    -c \
    +UVM_TESTNAME=ddr5_single_write_test \
    +UVM_VERBOSITY=UVM_MEDIUM \
    -do "run -all; quit -f;" \
    tb_top \
    | tee ddr5_single_write_test.log
Reading E:/ProgramFiles/Questasim/tcl/vsim/pref.tcl

# 10.2c

# vsim +UVM_TESTNAME=ddr5_single_write_test +UVM_VERBOSITY=UVM_MEDIUM -do {run -all; quit -f;} -c -suppress 3009 -t 1ps tb_top
# //  Questa Sim-64
# //  Version 10.2c Unknown Platform Jul 19 2013
# //
# //  Copyright 1991-2013 Mentor Graphics Corporation
# //  All Rights Reserved.
# //
# //  THIS WORK CONTAINS TRADE SECRET AND PROPRIETARY INFORMATION
# //  WHICH IS THE PROPERTY OF MENTOR GRAPHICS CORPORATION OR ITS
# //  LICENSORS AND IS SUBJECT TO LICENSE TERMS.
# //
# Loading sv_std.std
# Loading mtiUvm.uvm_pkg
# Loading work.tb_pkg(fast)
# Loading work.tb_top_sv_unit(fast)
# Loading work.tb_top(fast)
# Loading work.ddr5_phy_if(fast)
# Loading mtiUvm.questa_uvm_pkg(fast)
# Loading E:/ProgramFiles/Questasim/uvm-1.1d\win64\uvm_dpi.dll
# run -all
# ----------------------------------------------------------------
# UVM-1.1d
# (C) 2007-2013 Mentor Graphics Corporation
# (C) 2007-2013 Cadence Design Systems, Inc.
# (C) 2006-2013 Synopsys, Inc.
# (C) 2011-2013 Cypress Semiconductor Corp.
# ----------------------------------------------------------------
#
#   ***********       IMPORTANT RELEASE NOTES         ************
#
#   You are using a version of the UVM library that has been compiled
#   with `UVM_NO_DEPRECATED undefined.
#   See http://www.eda.org/svdb/view.php?id=3313 for more details.
#
#   You are using a version of the UVM library that has been compiled
#   with `UVM_OBJECT_MUST_HAVE_CONSTRUCTOR undefined.
#   See http://www.eda.org/svdb/view.php?id=3770 for more details.
#
#       (Specify +UVM_NO_RELNOTES to turn off this notice)
#
# UVM_INFO verilog_src/questa_uvm_pkg-1.2/src/questa_uvm_pkg.sv(215) @ 0: reporter [Questa UVM] QUESTA_UVM-1.2.2
# UVM_INFO verilog_src/questa_uvm_pkg-1.2/src/questa_uvm_pkg.sv(217) @ 0: reporter [Questa UVM]  questa_uvm::init(+struct)
# UVM_INFO @ 0: reporter [RNTST] Running test ddr5_single_write_test...
# UVM_INFO ../tb/ddr5_tests.sv(76) @ 0: uvm_test_top.env.mc_agent.sequencer@@seq [SEQ] ▒▒▒▒t ▒▒▒▒▒u: Single Write (coverage-directed)
# UVM_INFO ../tb/ddr5_mc_driver.sv(66) @ 100000: uvm_test_top.env.mc_agent.driver [DRV] Reset hoan tat, DUT san sang
# UVM_INFO ../tb/ddr5_mc_driver.sv(23) @ 100000: uvm_test_top.env.mc_agent.driver [DRV] Drive: WRITE: rank=0 bg=x bk=x row=0xxxxxx col=0xxxx | DATA[p0=ab p1=cd p2=ef p3=12] MASK[0000]
# UVM_INFO ../tb/ddr5_mc_monitor.sv(40) @ 135000: uvm_test_top.env.mc_agent.monitor [MC_MON] Captured WRITE: WRITE: rank=0 bg=x bk=x row=0xxxxxx col=0xxxx | DATA[p0=ab p1=cd p2=ef p3=12] MASK[0000]
# UVM_INFO ../tb/ddr5_coverage.sv(74) @ 135000: uvm_test_top.env.coverage [COV] Sample tx: rank=0 data_p0=0xab mask=0 | W=32.5% F=41.7% M=41.7%
# UVM_INFO ../tb/ddr5_scoreboard.sv(121) @ 135000: uvm_test_top.env.scoreboard [SB] [MC] Nhan tx #1: WRITE: rank=0 bg=x bk=x row=0xxxxxx col=0xxxx | DATA[p0=ab p1=cd p2=ef p3=12] MASK[0000]
# UVM_INFO ../tb/ddr5_scoreboard.sv(122) @ 135000: uvm_test_top.env.scoreboard [SB] [CRC_REF] data=0xab -> CRC-8 = 0x72
# UVM_INFO ../tb/ddr5_scoreboard.sv(142) @ 215000: uvm_test_top.env.scoreboard [SB] [PASS #1] DQ khop: expected=0xab actual=0xab | CRC_ref=0x72
# UVM_INFO ../tb/ddr5_mc_driver.sv(134) @ 1260000: uvm_test_top.env.mc_agent.driver [DRV] drive_write hoan tat
# UVM_INFO ../tb/ddr5_mc_driver.sv(23) @ 1260000: uvm_test_top.env.mc_agent.driver [DRV] Drive: WRITE: rank=1 bg=x bk=x row=0xxxxxx col=0xxxx | DATA[p0=00 p1=00 p2=00 p3=00] MASK[0000]
# UVM_INFO ../tb/ddr5_mc_monitor.sv(40) @ 1295000: uvm_test_top.env.mc_agent.monitor [MC_MON] Captured WRITE: WRITE: rank=1 bg=x bk=x row=0xxxxxx col=0xxxx | DATA[p0=00 p1=00 p2=00 p3=00] MASK[0000]
# UVM_INFO ../tb/ddr5_coverage.sv(74) @ 1295000: uvm_test_top.env.coverage [COV] Sample tx: rank=1 data_p0=0x00 mask=0 | W=55.0% F=66.7% M=66.7%
# UVM_INFO ../tb/ddr5_scoreboard.sv(121) @ 1295000: uvm_test_top.env.scoreboard [SB] [MC] Nhan tx #2: WRITE: rank=1 bg=x bk=x row=0xxxxxx col=0xxxx | DATA[p0=00 p1=00 p2=00 p3=00] MASK[0000]
# UVM_INFO ../tb/ddr5_scoreboard.sv(122) @ 1295000: uvm_test_top.env.scoreboard [SB] [CRC_REF] data=0x00 -> CRC-8 = 0x00
# UVM_INFO ../tb/ddr5_scoreboard.sv(142) @ 1375000: uvm_test_top.env.scoreboard [SB] [PASS #2] DQ khop: expected=0x00 actual=0x00 | CRC_ref=0x00
# UVM_INFO ../tb/ddr5_mc_driver.sv(134) @ 2420000: uvm_test_top.env.mc_agent.driver [DRV] drive_write hoan tat
# UVM_INFO ../tb/ddr5_mc_driver.sv(23) @ 2420000: uvm_test_top.env.mc_agent.driver [DRV] Drive: WRITE: rank=0 bg=x bk=x row=0xxxxxx col=0xxxx | DATA[p0=5a p1=5a p2=5a p3=5a] MASK[0000]
# UVM_INFO ../tb/ddr5_mc_monitor.sv(40) @ 2455000: uvm_test_top.env.mc_agent.monitor [MC_MON] Captured WRITE: WRITE: rank=0 bg=x bk=x row=0xxxxxx col=0xxxx | DATA[p0=5a p1=5a p2=5a p3=5a] MASK[0000]
# UVM_INFO ../tb/ddr5_coverage.sv(74) @ 2455000: uvm_test_top.env.coverage [COV] Sample tx: rank=0 data_p0=0x5a mask=0 | W=62.5% F=66.7% M=66.7%
# UVM_INFO ../tb/ddr5_scoreboard.sv(121) @ 2455000: uvm_test_top.env.scoreboard [SB] [MC] Nhan tx #3: WRITE: rank=0 bg=x bk=x row=0xxxxxx col=0xxxx | DATA[p0=5a p1=5a p2=5a p3=5a] MASK[0000]
# UVM_INFO ../tb/ddr5_scoreboard.sv(122) @ 2455000: uvm_test_top.env.scoreboard [SB] [CRC_REF] data=0x5a -> CRC-8 = 0x8e
# UVM_INFO ../tb/ddr5_scoreboard.sv(142) @ 2535000: uvm_test_top.env.scoreboard [SB] [PASS #3] DQ khop: expected=0x5a actual=0x5a | CRC_ref=0x8e
# UVM_INFO ../tb/ddr5_mc_driver.sv(134) @ 3580000: uvm_test_top.env.mc_agent.driver [DRV] drive_write hoan tat
# UVM_INFO ../tb/ddr5_mc_driver.sv(23) @ 3580000: uvm_test_top.env.mc_agent.driver [DRV] Drive: WRITE: rank=1 bg=x bk=x row=0xxxxxx col=0xxxx | DATA[p0=ff p1=ff p2=ff p3=ff] MASK[0000]
# UVM_INFO ../tb/ddr5_mc_monitor.sv(40) @ 3615000: uvm_test_top.env.mc_agent.monitor [MC_MON] Captured WRITE: WRITE: rank=1 bg=x bk=x row=0xxxxxx col=0xxxx | DATA[p0=ff p1=ff p2=ff p3=ff] MASK[0000]
# UVM_INFO ../tb/ddr5_coverage.sv(74) @ 3615000: uvm_test_top.env.coverage [COV] Sample tx: rank=1 data_p0=0xff mask=0 | W=70.0% F=66.7% M=66.7%
# UVM_INFO ../tb/ddr5_scoreboard.sv(121) @ 3615000: uvm_test_top.env.scoreboard [SB] [MC] Nhan tx #4: WRITE: rank=1 bg=x bk=x row=0xxxxxx col=0xxxx | DATA[p0=ff p1=ff p2=ff p3=ff] MASK[0000]
# UVM_INFO ../tb/ddr5_scoreboard.sv(122) @ 3615000: uvm_test_top.env.scoreboard [SB] [CRC_REF] data=0xff -> CRC-8 = 0xd7
# UVM_INFO ../tb/ddr5_scoreboard.sv(142) @ 3695000: uvm_test_top.env.scoreboard [SB] [PASS #4] DQ khop: expected=0xff actual=0xff | CRC_ref=0xd7
# UVM_INFO ../tb/ddr5_mc_driver.sv(134) @ 4740000: uvm_test_top.env.mc_agent.driver [DRV] drive_write hoan tat
# UVM_INFO ../tb/ddr5_mc_driver.sv(23) @ 4740000: uvm_test_top.env.mc_agent.driver [DRV] Drive: WRITE: rank=0 bg=x bk=x row=0xxxxxx col=0xxxx | DATA[p0=00 p1=00 p2=00 p3=00] MASK[0000]
# UVM_INFO ../tb/ddr5_mc_monitor.sv(40) @ 4775000: uvm_test_top.env.mc_agent.monitor [MC_MON] Captured WRITE: WRITE: rank=0 bg=x bk=x row=0xxxxxx col=0xxxx | DATA[p0=00 p1=00 p2=00 p3=00] MASK[0000]
# UVM_INFO ../tb/ddr5_coverage.sv(74) @ 4775000: uvm_test_top.env.coverage [COV] Sample tx: rank=0 data_p0=0x00 mask=0 | W=72.5% F=66.7% M=66.7%
# UVM_INFO ../tb/ddr5_scoreboard.sv(121) @ 4775000: uvm_test_top.env.scoreboard [SB] [MC] Nhan tx #5: WRITE: rank=0 bg=x bk=x row=0xxxxxx col=0xxxx | DATA[p0=00 p1=00 p2=00 p3=00] MASK[0000]
# UVM_INFO ../tb/ddr5_scoreboard.sv(122) @ 4775000: uvm_test_top.env.scoreboard [SB] [CRC_REF] data=0x00 -> CRC-8 = 0x00
# UVM_INFO ../tb/ddr5_scoreboard.sv(142) @ 4855000: uvm_test_top.env.scoreboard [SB] [PASS #5] DQ khop: expected=0x00 actual=0x00 | CRC_ref=0x00
# UVM_INFO ../tb/ddr5_mc_driver.sv(134) @ 5900000: uvm_test_top.env.mc_agent.driver [DRV] drive_write hoan tat
# UVM_INFO ../tb/ddr5_mc_driver.sv(23) @ 5900000: uvm_test_top.env.mc_agent.driver [DRV] Drive: WRITE: rank=0 bg=x bk=x row=0xxxxxx col=0xxxx | DATA[p0=ff p1=ff p2=ff p3=ff] MASK[0000]
# UVM_INFO ../tb/ddr5_mc_monitor.sv(40) @ 5935000: uvm_test_top.env.mc_agent.monitor [MC_MON] Captured WRITE: WRITE: rank=0 bg=x bk=x row=0xxxxxx col=0xxxx | DATA[p0=ff p1=ff p2=ff p3=ff] MASK[0000]
# UVM_INFO ../tb/ddr5_coverage.sv(74) @ 5935000: uvm_test_top.env.coverage [COV] Sample tx: rank=0 data_p0=0xff mask=0 | W=75.0% F=66.7% M=66.7%
# UVM_INFO ../tb/ddr5_scoreboard.sv(121) @ 5935000: uvm_test_top.env.scoreboard [SB] [MC] Nhan tx #6: WRITE: rank=0 bg=x bk=x row=0xxxxxx col=0xxxx | DATA[p0=ff p1=ff p2=ff p3=ff] MASK[0000]
# UVM_INFO ../tb/ddr5_scoreboard.sv(122) @ 5935000: uvm_test_top.env.scoreboard [SB] [CRC_REF] data=0xff -> CRC-8 = 0xd7
# UVM_INFO ../tb/ddr5_scoreboard.sv(142) @ 6015000: uvm_test_top.env.scoreboard [SB] [PASS #6] DQ khop: expected=0xff actual=0xff | CRC_ref=0xd7
# UVM_INFO ../tb/ddr5_mc_driver.sv(134) @ 7060000: uvm_test_top.env.mc_agent.driver [DRV] drive_write hoan tat
# UVM_INFO ../tb/ddr5_mc_driver.sv(23) @ 7060000: uvm_test_top.env.mc_agent.driver [DRV] Drive: WRITE: rank=1 bg=x bk=x row=0xxxxxx col=0xxxx | DATA[p0=10 p1=22 p2=00 p3=33] MASK[1000]
# UVM_INFO ../tb/ddr5_mc_monitor.sv(40) @ 7095000: uvm_test_top.env.mc_agent.monitor [MC_MON] Captured WRITE: WRITE: rank=1 bg=x bk=x row=0xxxxxx col=0xxxx | DATA[p0=10 p1=22 p2=00 p3=33] MASK[1000]
# UVM_INFO ../tb/ddr5_coverage.sv(74) @ 7095000: uvm_test_top.env.coverage [COV] Sample tx: rank=1 data_p0=0x10 mask=1 | W=92.5% F=91.7% M=91.7%
# UVM_INFO ../tb/ddr5_scoreboard.sv(121) @ 7095000: uvm_test_top.env.scoreboard [SB] [MC] Nhan tx #7: WRITE: rank=1 bg=x bk=x row=0xxxxxx col=0xxxx | DATA[p0=10 p1=22 p2=00 p3=33] MASK[1000]
# UVM_INFO ../tb/ddr5_scoreboard.sv(122) @ 7095000: uvm_test_top.env.scoreboard [SB] [CRC_REF] data=0x10 -> CRC-8 = 0xaa
# UVM_INFO ../tb/ddr5_scoreboard.sv(142) @ 7175000: uvm_test_top.env.scoreboard [SB] [PASS #7] DQ khop: expected=0x10 actual=0x10 | CRC_ref=0xaa
# UVM_INFO ../tb/ddr5_mc_driver.sv(134) @ 8220000: uvm_test_top.env.mc_agent.driver [DRV] drive_write hoan tat
# UVM_INFO ../tb/ddr5_tests.sv(108) @ 8220000: uvm_test_top.env.mc_agent.sequencer@@seq [SEQ] Ho▒▒n ▒▒▒▒nh: Single Write (coverage-directed)
# UVM_INFO verilog_src/uvm-1.1d/src/base/uvm_objection.svh(1268) @ 8270000: reporter [TEST_DONE] 'run' phase is ready to proceed to the 'extract' phase
# UVM_INFO ../tb/ddr5_coverage.sv(79) @ 8270000: uvm_test_top.env.coverage [COV] ============================================
# UVM_INFO ../tb/ddr5_coverage.sv(80) @ 8270000: uvm_test_top.env.coverage [COV]          BAO CAO FUNCTIONAL COVERAGE
# UVM_INFO ../tb/ddr5_coverage.sv(81) @ 8270000: uvm_test_top.env.coverage [COV] ============================================
# UVM_INFO ../tb/ddr5_coverage.sv(82) @ 8270000: uvm_test_top.env.coverage [COV]   Write coverage     : 92.50%
# UVM_INFO ../tb/ddr5_coverage.sv(83) @ 8270000: uvm_test_top.env.coverage [COV]   FSM coverage       : 91.67%
# UVM_INFO ../tb/ddr5_coverage.sv(84) @ 8270000: uvm_test_top.env.coverage [COV]   Mask coverage      : 91.67%
# UVM_INFO ../tb/ddr5_coverage.sv(85) @ 8270000: uvm_test_top.env.coverage [COV] --------------------------------------------
# UVM_INFO ../tb/ddr5_coverage.sv(86) @ 8270000: uvm_test_top.env.coverage [COV]   cp_rank            : 100.00%
# UVM_INFO ../tb/ddr5_coverage.sv(87) @ 8270000: uvm_test_top.env.coverage [COV]   cp_wrdata_p0       : 100.00%
# UVM_INFO ../tb/ddr5_coverage.sv(88) @ 8270000: uvm_test_top.env.coverage [COV]   cp_mask            : 100.00%
# UVM_INFO ../tb/ddr5_coverage.sv(89) @ 8270000: uvm_test_top.env.coverage [COV]   cx_rank_x_data     : 87.50%
# UVM_INFO ../tb/ddr5_coverage.sv(90) @ 8270000: uvm_test_top.env.coverage [COV]   cx_rank_x_mask     : 75.00%
# UVM_INFO ../tb/ddr5_coverage.sv(91) @ 8270000: uvm_test_top.env.coverage [COV] ============================================
# UVM_INFO ../tb/ddr5_coverage.sv(98) @ 8270000: uvm_test_top.env.coverage [COV] Coverage >= 80% - Dat muc chap nhan duoc
# UVM_INFO ../tb/ddr5_dram_monitor.sv(90) @ 8270000: uvm_test_top.env.dram_agent.monitor [DRAM_MON] Tong so cycle DQ_valid = 91
# UVM_INFO ../tb/ddr5_scoreboard.sv(156) @ 8270000: uvm_test_top.env.scoreboard [SB] ============================================
# UVM_INFO ../tb/ddr5_scoreboard.sv(157) @ 8270000: uvm_test_top.env.scoreboard [SB]          KET QUA XAC MINH
# UVM_INFO ../tb/ddr5_scoreboard.sv(158) @ 8270000: uvm_test_top.env.scoreboard [SB] ============================================
# UVM_INFO ../tb/ddr5_scoreboard.sv(159) @ 8270000: uvm_test_top.env.scoreboard [SB]   Tong giao dich  : 7
# UVM_INFO ../tb/ddr5_scoreboard.sv(160) @ 8270000: uvm_test_top.env.scoreboard [SB]   PASS            : 7
# UVM_INFO ../tb/ddr5_scoreboard.sv(161) @ 8270000: uvm_test_top.env.scoreboard [SB]   FAIL            : 0
# UVM_INFO ../tb/ddr5_scoreboard.sv(162) @ 8270000: uvm_test_top.env.scoreboard [SB] ============================================
# UVM_INFO ../tb/ddr5_scoreboard.sv(164) @ 8270000: uvm_test_top.env.scoreboard [SB] >>> TEST PASSED <<<
#
# --- UVM Report Summary ---
#
# ** Report counts by severity
# UVM_INFO :   79
# UVM_WARNING :    0
# UVM_ERROR :    0
# UVM_FATAL :    0
# ** Report counts by id
# [COV]    21
# [DRAM_MON]     1
# [DRV]    15
# [MC_MON]     7
# [Questa UVM]     2
# [RNTST]     1
# [SB]    29
# [SEQ]     2
# [TEST_DONE]     1
# ** Note: $finish    : E:/ProgramFiles/Questasim/win64/../verilog_src/uvm-1.1d/src/base/uvm_root.svh(430)
#    Time: 8270 ns  Iteration: 54  Instance: /tb_top

=== Log da luu vao: ddr5_single_write_test.log ===
# UVM_INFO ../tb/ddr5_scoreboard.sv(142) @ 215000: uvm_test_top.env.scoreboard [SB] [PASS #1] DQ khop: expected=0xab actual=0xab | CRC_ref=0x72
# UVM_INFO ../tb/ddr5_scoreboard.sv(142) @ 1375000: uvm_test_top.env.scoreboard [SB] [PASS #2] DQ khop: expected=0x00 actual=0x00 | CRC_ref=0x00
# UVM_INFO ../tb/ddr5_scoreboard.sv(142) @ 2535000: uvm_test_top.env.scoreboard [SB] [PASS #3] DQ khop: expected=0x5a actual=0x5a | CRC_ref=0x8e
# UVM_INFO ../tb/ddr5_scoreboard.sv(142) @ 3695000: uvm_test_top.env.scoreboard [SB] [PASS #4] DQ khop: expected=0xff actual=0xff | CRC_ref=0xd7
# UVM_INFO ../tb/ddr5_scoreboard.sv(142) @ 4855000: uvm_test_top.env.scoreboard [SB] [PASS #5] DQ khop: expected=0x00 actual=0x00 | CRC_ref=0x00
# UVM_INFO ../tb/ddr5_scoreboard.sv(142) @ 6015000: uvm_test_top.env.scoreboard [SB] [PASS #6] DQ khop: expected=0xff actual=0xff | CRC_ref=0xd7
# UVM_INFO ../tb/ddr5_scoreboard.sv(142) @ 7175000: uvm_test_top.env.scoreboard [SB] [PASS #7] DQ khop: expected=0x10 actual=0x10 | CRC_ref=0xaa
# UVM_INFO ../tb/ddr5_scoreboard.sv(160) @ 8270000: uvm_test_top.env.scoreboard [SB]   PASS            : 7
# UVM_INFO ../tb/ddr5_scoreboard.sv(161) @ 8270000: uvm_test_top.env.scoreboard [SB]   FAIL            : 0
# UVM_INFO ../tb/ddr5_scoreboard.sv(164) @ 8270000: uvm_test_top.env.scoreboard [SB] >>> TEST PASSED <<<
# ** Report counts by severity
# UVM_ERROR :    0
# UVM_FATAL :    0
# ** Report counts by id
make[1]: Leaving directory '/e/tostudy/learned/HK10/Do An Tot Nghiep/practices/ddr5_phy_uvm/sim'
make sim TEST=ddr5_burst_write_test
make[1]: Entering directory '/e/tostudy/learned/HK10/Do An Tot Nghiep/practices/ddr5_phy_uvm/sim'
vsim -t 1ps \
    -suppress 3009 \
    -c \
    +UVM_TESTNAME=ddr5_burst_write_test \
    +UVM_VERBOSITY=UVM_MEDIUM \
    -do "run -all; quit -f;" \
    tb_top \
    | tee ddr5_burst_write_test.log
Reading E:/ProgramFiles/Questasim/tcl/vsim/pref.tcl

# 10.2c

# vsim +UVM_TESTNAME=ddr5_burst_write_test +UVM_VERBOSITY=UVM_MEDIUM -do {run -all; quit -f;} -c -suppress 3009 -t 1ps tb_top
# //  Questa Sim-64
# //  Version 10.2c Unknown Platform Jul 19 2013
# //
# //  Copyright 1991-2013 Mentor Graphics Corporation
# //  All Rights Reserved.
# //
# //  THIS WORK CONTAINS TRADE SECRET AND PROPRIETARY INFORMATION
# //  WHICH IS THE PROPERTY OF MENTOR GRAPHICS CORPORATION OR ITS
# //  LICENSORS AND IS SUBJECT TO LICENSE TERMS.
# //
# Loading sv_std.std
# Loading mtiUvm.uvm_pkg
# Loading work.tb_pkg(fast)
# Loading work.tb_top_sv_unit(fast)
# Loading work.tb_top(fast)
# Loading work.ddr5_phy_if(fast)
# Loading mtiUvm.questa_uvm_pkg(fast)
# Loading E:/ProgramFiles/Questasim/uvm-1.1d\win64\uvm_dpi.dll
# run -all
# ----------------------------------------------------------------
# UVM-1.1d
# (C) 2007-2013 Mentor Graphics Corporation
# (C) 2007-2013 Cadence Design Systems, Inc.
# (C) 2006-2013 Synopsys, Inc.
# (C) 2011-2013 Cypress Semiconductor Corp.
# ----------------------------------------------------------------
#
#   ***********       IMPORTANT RELEASE NOTES         ************
#
#   You are using a version of the UVM library that has been compiled
#   with `UVM_NO_DEPRECATED undefined.
#   See http://www.eda.org/svdb/view.php?id=3313 for more details.
#
#   You are using a version of the UVM library that has been compiled
#   with `UVM_OBJECT_MUST_HAVE_CONSTRUCTOR undefined.
#   See http://www.eda.org/svdb/view.php?id=3770 for more details.
#
#       (Specify +UVM_NO_RELNOTES to turn off this notice)
#
# UVM_INFO verilog_src/questa_uvm_pkg-1.2/src/questa_uvm_pkg.sv(215) @ 0: reporter [Questa UVM] QUESTA_UVM-1.2.2
# UVM_INFO verilog_src/questa_uvm_pkg-1.2/src/questa_uvm_pkg.sv(217) @ 0: reporter [Questa UVM]  questa_uvm::init(+struct)
# UVM_INFO @ 0: reporter [RNTST] Running test ddr5_burst_write_test...
# UVM_INFO ../tb/ddr5_tests.sv(124) @ 0: uvm_test_top.env.mc_agent.sequencer@@seq [SEQ] B▒▒▒t▒▒▒▒▒▒u: Burst Write (8 giao▒▒▒▒?ch)
# UVM_INFO ../tb/ddr5_mc_driver.sv(66) @ 100000: uvm_test_top.env.mc_agent.driver [DRV] Reset hoan tat, DUT san sang
# UVM_INFO ../tb/ddr5_mc_driver.sv(23) @ 100000: uvm_test_top.env.mc_agent.driver [DRV] Drive: WRITE: rank=0 bg=x bk=x row=0xxxxxx col=0xxxx | DATA[p0=aa p1=bb p2=cc p3=dd] MASK[0000]
# UVM_INFO ../tb/ddr5_mc_monitor.sv(40) @ 135000: uvm_test_top.env.mc_agent.monitor [MC_MON] Captured WRITE: WRITE: rank=0 bg=x bk=x row=0xxxxxx col=0xxxx | DATA[p0=aa p1=bb p2=cc p3=dd] MASK[0000]
# UVM_INFO ../tb/ddr5_coverage.sv(74) @ 135000: uvm_test_top.env.coverage [COV] Sample tx: rank=0 data_p0=0xaa mask=0 | W=32.5% F=41.7% M=41.7%
# UVM_INFO ../tb/ddr5_scoreboard.sv(121) @ 135000: uvm_test_top.env.scoreboard [SB] [MC] Nhan tx #1: WRITE: rank=0 bg=x bk=x row=0xxxxxx col=0xxxx | DATA[p0=aa p1=bb p2=cc p3=dd] MASK[0000]
# UVM_INFO ../tb/ddr5_scoreboard.sv(122) @ 135000: uvm_test_top.env.scoreboard [SB] [CRC_REF] data=0xaa -> CRC-8 = 0x9a
# UVM_INFO ../tb/ddr5_scoreboard.sv(142) @ 215000: uvm_test_top.env.scoreboard [SB] [PASS #1] DQ khop: expected=0xaa actual=0xaa | CRC_ref=0x9a
# UVM_INFO ../tb/ddr5_mc_driver.sv(134) @ 1260000: uvm_test_top.env.mc_agent.driver [DRV] drive_write hoan tat
# UVM_INFO ../tb/ddr5_mc_driver.sv(23) @ 1260000: uvm_test_top.env.mc_agent.driver [DRV] Drive: WRITE: rank=0 bg=x bk=x row=0xxxxxx col=0xxxx | DATA[p0=11 p1=22 p2=33 p3=44] MASK[0000]
# UVM_INFO ../tb/ddr5_mc_monitor.sv(40) @ 1295000: uvm_test_top.env.mc_agent.monitor [MC_MON] Captured WRITE: WRITE: rank=0 bg=x bk=x row=0xxxxxx col=0xxxx | DATA[p0=11 p1=22 p2=33 p3=44] MASK[0000]
# UVM_INFO ../tb/ddr5_coverage.sv(74) @ 1295000: uvm_test_top.env.coverage [COV] Sample tx: rank=0 data_p0=0x11 mask=0 | W=40.0% F=41.7% M=41.7%
# UVM_INFO ../tb/ddr5_scoreboard.sv(121) @ 1295000: uvm_test_top.env.scoreboard [SB] [MC] Nhan tx #2: WRITE: rank=0 bg=x bk=x row=0xxxxxx col=0xxxx | DATA[p0=11 p1=22 p2=33 p3=44] MASK[0000]
# UVM_INFO ../tb/ddr5_scoreboard.sv(122) @ 1295000: uvm_test_top.env.scoreboard [SB] [CRC_REF] data=0x11 -> CRC-8 = 0x42
# UVM_INFO ../tb/ddr5_scoreboard.sv(142) @ 1375000: uvm_test_top.env.scoreboard [SB] [PASS #2] DQ khop: expected=0x11 actual=0x11 | CRC_ref=0x42
# UVM_INFO ../tb/ddr5_mc_driver.sv(134) @ 2420000: uvm_test_top.env.mc_agent.driver [DRV] drive_write hoan tat
# UVM_INFO ../tb/ddr5_mc_driver.sv(23) @ 2420000: uvm_test_top.env.mc_agent.driver [DRV] Drive: WRITE: rank=0 bg=x bk=x row=0xxxxxx col=0xxxx | DATA[p0=ff p1=00 p2=ff p3=00] MASK[0000]
# UVM_INFO ../tb/ddr5_mc_monitor.sv(40) @ 2455000: uvm_test_top.env.mc_agent.monitor [MC_MON] Captured WRITE: WRITE: rank=0 bg=x bk=x row=0xxxxxx col=0xxxx | DATA[p0=ff p1=00 p2=ff p3=00] MASK[0000]
# UVM_INFO ../tb/ddr5_coverage.sv(74) @ 2455000: uvm_test_top.env.coverage [COV] Sample tx: rank=0 data_p0=0xff mask=0 | W=47.5% F=41.7% M=41.7%
# UVM_INFO ../tb/ddr5_scoreboard.sv(121) @ 2455000: uvm_test_top.env.scoreboard [SB] [MC] Nhan tx #3: WRITE: rank=0 bg=x bk=x row=0xxxxxx col=0xxxx | DATA[p0=ff p1=00 p2=ff p3=00] MASK[0000]
# UVM_INFO ../tb/ddr5_scoreboard.sv(122) @ 2455000: uvm_test_top.env.scoreboard [SB] [CRC_REF] data=0xff -> CRC-8 = 0xd7
# UVM_INFO ../tb/ddr5_scoreboard.sv(142) @ 2535000: uvm_test_top.env.scoreboard [SB] [PASS #3] DQ khop: expected=0xff actual=0xff | CRC_ref=0xd7
# UVM_INFO ../tb/ddr5_mc_driver.sv(134) @ 3580000: uvm_test_top.env.mc_agent.driver [DRV] drive_write hoan tat
# UVM_INFO ../tb/ddr5_mc_driver.sv(23) @ 3580000: uvm_test_top.env.mc_agent.driver [DRV] Drive: WRITE: rank=0 bg=x bk=x row=0xxxxxx col=0xxxx | DATA[p0=55 p1=aa p2=55 p3=aa] MASK[0000]
# UVM_INFO ../tb/ddr5_mc_monitor.sv(40) @ 3615000: uvm_test_top.env.mc_agent.monitor [MC_MON] Captured WRITE: WRITE: rank=0 bg=x bk=x row=0xxxxxx col=0xxxx | DATA[p0=55 p1=aa p2=55 p3=aa] MASK[0000]
# UVM_INFO ../tb/ddr5_coverage.sv(74) @ 3615000: uvm_test_top.env.coverage [COV] Sample tx: rank=0 data_p0=0x55 mask=0 | W=47.5% F=41.7% M=41.7%
# UVM_INFO ../tb/ddr5_scoreboard.sv(121) @ 3615000: uvm_test_top.env.scoreboard [SB] [MC] Nhan tx #4: WRITE: rank=0 bg=x bk=x row=0xxxxxx col=0xxxx | DATA[p0=55 p1=aa p2=55 p3=aa] MASK[0000]
# UVM_INFO ../tb/ddr5_scoreboard.sv(122) @ 3615000: uvm_test_top.env.scoreboard [SB] [CRC_REF] data=0x55 -> CRC-8 = 0x4d
# UVM_INFO ../tb/ddr5_scoreboard.sv(142) @ 3695000: uvm_test_top.env.scoreboard [SB] [PASS #4] DQ khop: expected=0x55 actual=0x55 | CRC_ref=0x4d
# UVM_INFO ../tb/ddr5_mc_driver.sv(134) @ 4740000: uvm_test_top.env.mc_agent.driver [DRV] drive_write hoan tat
# UVM_INFO ../tb/ddr5_mc_driver.sv(23) @ 4740000: uvm_test_top.env.mc_agent.driver [DRV] Drive: WRITE: rank=1 bg=x bk=x row=0xxxxxx col=0xxxx | DATA[p0=de p1=ad p2=be p3=ef] MASK[0000]
# UVM_INFO ../tb/ddr5_mc_monitor.sv(40) @ 4775000: uvm_test_top.env.mc_agent.monitor [MC_MON] Captured WRITE: WRITE: rank=1 bg=x bk=x row=0xxxxxx col=0xxxx | DATA[p0=de p1=ad p2=be p3=ef] MASK[0000]
# UVM_INFO ../tb/ddr5_coverage.sv(74) @ 4775000: uvm_test_top.env.coverage [COV] Sample tx: rank=1 data_p0=0xde mask=0 | W=65.0% F=66.7% M=66.7%
# UVM_INFO ../tb/ddr5_scoreboard.sv(121) @ 4775000: uvm_test_top.env.scoreboard [SB] [MC] Nhan tx #5: WRITE: rank=1 bg=x bk=x row=0xxxxxx col=0xxxx | DATA[p0=de p1=ad p2=be p3=ef] MASK[0000]
# UVM_INFO ../tb/ddr5_scoreboard.sv(122) @ 4775000: uvm_test_top.env.scoreboard [SB] [CRC_REF] data=0xde -> CRC-8 = 0x6c
# UVM_INFO ../tb/ddr5_scoreboard.sv(142) @ 4855000: uvm_test_top.env.scoreboard [SB] [PASS #5] DQ khop: expected=0xde actual=0xde | CRC_ref=0x6c
# UVM_INFO ../tb/ddr5_mc_driver.sv(134) @ 5900000: uvm_test_top.env.mc_agent.driver [DRV] drive_write hoan tat
# UVM_INFO ../tb/ddr5_mc_driver.sv(23) @ 5900000: uvm_test_top.env.mc_agent.driver [DRV] Drive: WRITE: rank=1 bg=x bk=x row=0xxxxxx col=0xxxx | DATA[p0=00 p1=00 p2=00 p3=00] MASK[0000]
# UVM_INFO ../tb/ddr5_mc_monitor.sv(40) @ 5935000: uvm_test_top.env.mc_agent.monitor [MC_MON] Captured WRITE: WRITE: rank=1 bg=x bk=x row=0xxxxxx col=0xxxx | DATA[p0=00 p1=00 p2=00 p3=00] MASK[0000]
# UVM_INFO ../tb/ddr5_coverage.sv(74) @ 5935000: uvm_test_top.env.coverage [COV] Sample tx: rank=1 data_p0=0x00 mask=0 | W=72.5% F=66.7% M=66.7%
# UVM_INFO ../tb/ddr5_scoreboard.sv(121) @ 5935000: uvm_test_top.env.scoreboard [SB] [MC] Nhan tx #6: WRITE: rank=1 bg=x bk=x row=0xxxxxx col=0xxxx | DATA[p0=00 p1=00 p2=00 p3=00] MASK[0000]
# UVM_INFO ../tb/ddr5_scoreboard.sv(122) @ 5935000: uvm_test_top.env.scoreboard [SB] [CRC_REF] data=0x00 -> CRC-8 = 0x00
# UVM_INFO ../tb/ddr5_scoreboard.sv(142) @ 6015000: uvm_test_top.env.scoreboard [SB] [PASS #6] DQ khop: expected=0x00 actual=0x00 | CRC_ref=0x00
# UVM_INFO ../tb/ddr5_mc_driver.sv(134) @ 7060000: uvm_test_top.env.mc_agent.driver [DRV] drive_write hoan tat
# UVM_INFO ../tb/ddr5_mc_driver.sv(23) @ 7060000: uvm_test_top.env.mc_agent.driver [DRV] Drive: WRITE: rank=1 bg=x bk=x row=0xxxxxx col=0xxxx | DATA[p0=77 p1=88 p2=99 p3=aa] MASK[1001]
# UVM_INFO ../tb/ddr5_mc_monitor.sv(40) @ 7095000: uvm_test_top.env.mc_agent.monitor [MC_MON] Captured WRITE: WRITE: rank=1 bg=x bk=x row=0xxxxxx col=0xxxx | DATA[p0=77 p1=88 p2=99 p3=aa] MASK[1000]
# UVM_INFO ../tb/ddr5_coverage.sv(74) @ 7095000: uvm_test_top.env.coverage [COV] Sample tx: rank=1 data_p0=0x77 mask=1 | W=90.0% F=91.7% M=91.7%
# UVM_INFO ../tb/ddr5_scoreboard.sv(121) @ 7095000: uvm_test_top.env.scoreboard [SB] [MC] Nhan tx #7: WRITE: rank=1 bg=x bk=x row=0xxxxxx col=0xxxx | DATA[p0=77 p1=88 p2=99 p3=aa] MASK[1000]
# UVM_INFO ../tb/ddr5_scoreboard.sv(122) @ 7095000: uvm_test_top.env.scoreboard [SB] [CRC_REF] data=0x77 -> CRC-8 = 0xc9
# UVM_INFO ../tb/ddr5_scoreboard.sv(142) @ 7175000: uvm_test_top.env.scoreboard [SB] [PASS #7] DQ khop: expected=0x77 actual=0x77 | CRC_ref=0xc9
# UVM_INFO ../tb/ddr5_mc_driver.sv(134) @ 8220000: uvm_test_top.env.mc_agent.driver [DRV] drive_write hoan tat
# UVM_INFO ../tb/ddr5_mc_driver.sv(23) @ 8220000: uvm_test_top.env.mc_agent.driver [DRV] Drive: WRITE: rank=0 bg=x bk=x row=0xxxxxx col=0xxxx | DATA[p0=be p1=ef p2=be p3=ef] MASK[0000]
# UVM_INFO ../tb/ddr5_mc_monitor.sv(40) @ 8255000: uvm_test_top.env.mc_agent.monitor [MC_MON] Captured WRITE: WRITE: rank=0 bg=x bk=x row=0xxxxxx col=0xxxx | DATA[p0=be p1=ef p2=be p3=ef] MASK[0000]
# UVM_INFO ../tb/ddr5_coverage.sv(74) @ 8255000: uvm_test_top.env.coverage [COV] Sample tx: rank=0 data_p0=0xbe mask=0 | W=90.0% F=91.7% M=91.7%
# UVM_INFO ../tb/ddr5_scoreboard.sv(121) @ 8255000: uvm_test_top.env.scoreboard [SB] [MC] Nhan tx #8: WRITE: rank=0 bg=x bk=x row=0xxxxxx col=0xxxx | DATA[p0=be p1=ef p2=be p3=ef] MASK[0000]
# UVM_INFO ../tb/ddr5_scoreboard.sv(122) @ 8255000: uvm_test_top.env.scoreboard [SB] [CRC_REF] data=0xbe -> CRC-8 = 0x99
# UVM_INFO ../tb/ddr5_scoreboard.sv(142) @ 8335000: uvm_test_top.env.scoreboard [SB] [PASS #8] DQ khop: expected=0xbe actual=0xbe | CRC_ref=0x99
# UVM_INFO ../tb/ddr5_mc_driver.sv(134) @ 9380000: uvm_test_top.env.mc_agent.driver [DRV] drive_write hoan tat
# UVM_INFO ../tb/ddr5_tests.sv(134) @ 9380000: uvm_test_top.env.mc_agent.sequencer@@seq [SEQ] H▒▒▒n▒▒▒ành: Burst Write
# UVM_INFO verilog_src/uvm-1.1d/src/base/uvm_objection.svh(1268) @ 9580000: reporter [TEST_DONE] 'run' phase is ready to proceed to the 'extract' phase
# UVM_INFO ../tb/ddr5_coverage.sv(79) @ 9580000: uvm_test_top.env.coverage [COV] ============================================
# UVM_INFO ../tb/ddr5_coverage.sv(80) @ 9580000: uvm_test_top.env.coverage [COV]          BAO CAO FUNCTIONAL COVERAGE
# UVM_INFO ../tb/ddr5_coverage.sv(81) @ 9580000: uvm_test_top.env.coverage [COV] ============================================
# UVM_INFO ../tb/ddr5_coverage.sv(82) @ 9580000: uvm_test_top.env.coverage [COV]   Write coverage     : 90.00%
# UVM_INFO ../tb/ddr5_coverage.sv(83) @ 9580000: uvm_test_top.env.coverage [COV]   FSM coverage       : 91.67%
# UVM_INFO ../tb/ddr5_coverage.sv(84) @ 9580000: uvm_test_top.env.coverage [COV]   Mask coverage      : 91.67%
# UVM_INFO ../tb/ddr5_coverage.sv(85) @ 9580000: uvm_test_top.env.coverage [COV] --------------------------------------------
# UVM_INFO ../tb/ddr5_coverage.sv(86) @ 9580000: uvm_test_top.env.coverage [COV]   cp_rank            : 100.00%
# UVM_INFO ../tb/ddr5_coverage.sv(87) @ 9580000: uvm_test_top.env.coverage [COV]   cp_wrdata_p0       : 100.00%
# UVM_INFO ../tb/ddr5_coverage.sv(88) @ 9580000: uvm_test_top.env.coverage [COV]   cp_mask            : 100.00%
# UVM_INFO ../tb/ddr5_coverage.sv(89) @ 9580000: uvm_test_top.env.coverage [COV]   cx_rank_x_data     : 75.00%
# UVM_INFO ../tb/ddr5_coverage.sv(90) @ 9580000: uvm_test_top.env.coverage [COV]   cx_rank_x_mask     : 75.00%
# UVM_INFO ../tb/ddr5_coverage.sv(91) @ 9580000: uvm_test_top.env.coverage [COV] ============================================
# UVM_INFO ../tb/ddr5_coverage.sv(98) @ 9580000: uvm_test_top.env.coverage [COV] Coverage >= 80% - Dat muc chap nhan duoc
# UVM_INFO ../tb/ddr5_dram_monitor.sv(90) @ 9580000: uvm_test_top.env.dram_agent.monitor [DRAM_MON] Tong so cycle DQ_valid = 104
# UVM_INFO ../tb/ddr5_scoreboard.sv(156) @ 9580000: uvm_test_top.env.scoreboard [SB] ============================================
# UVM_INFO ../tb/ddr5_scoreboard.sv(157) @ 9580000: uvm_test_top.env.scoreboard [SB]          KET QUA XAC MINH
# UVM_INFO ../tb/ddr5_scoreboard.sv(158) @ 9580000: uvm_test_top.env.scoreboard [SB] ============================================
# UVM_INFO ../tb/ddr5_scoreboard.sv(159) @ 9580000: uvm_test_top.env.scoreboard [SB]   Tong giao dich  : 8
# UVM_INFO ../tb/ddr5_scoreboard.sv(160) @ 9580000: uvm_test_top.env.scoreboard [SB]   PASS            : 8
# UVM_INFO ../tb/ddr5_scoreboard.sv(161) @ 9580000: uvm_test_top.env.scoreboard [SB]   FAIL            : 0
# UVM_INFO ../tb/ddr5_scoreboard.sv(162) @ 9580000: uvm_test_top.env.scoreboard [SB] ============================================
# UVM_INFO ../tb/ddr5_scoreboard.sv(164) @ 9580000: uvm_test_top.env.scoreboard [SB] >>> TEST PASSED <<<
#
# --- UVM Report Summary ---
#
# ** Report counts by severity
# UVM_INFO :   86
# UVM_WARNING :    0
# UVM_ERROR :    0
# UVM_FATAL :    0
# ** Report counts by id
# [COV]    22
# [DRAM_MON]     1
# [DRV]    17
# [MC_MON]     8
# [Questa UVM]     2
# [RNTST]     1
# [SB]    32
# [SEQ]     2
# [TEST_DONE]     1
# ** Note: $finish    : E:/ProgramFiles/Questasim/win64/../verilog_src/uvm-1.1d/src/base/uvm_root.svh(430)
#    Time: 9580 ns  Iteration: 54  Instance: /tb_top

=== Log da luu vao: ddr5_burst_write_test.log ===
# UVM_INFO ../tb/ddr5_scoreboard.sv(142) @ 215000: uvm_test_top.env.scoreboard [SB] [PASS #1] DQ khop: expected=0xaa actual=0xaa | CRC_ref=0x9a
# UVM_INFO ../tb/ddr5_scoreboard.sv(142) @ 1375000: uvm_test_top.env.scoreboard [SB] [PASS #2] DQ khop: expected=0x11 actual=0x11 | CRC_ref=0x42
# UVM_INFO ../tb/ddr5_scoreboard.sv(142) @ 2535000: uvm_test_top.env.scoreboard [SB] [PASS #3] DQ khop: expected=0xff actual=0xff | CRC_ref=0xd7
# UVM_INFO ../tb/ddr5_scoreboard.sv(142) @ 3695000: uvm_test_top.env.scoreboard [SB] [PASS #4] DQ khop: expected=0x55 actual=0x55 | CRC_ref=0x4d
# UVM_INFO ../tb/ddr5_scoreboard.sv(142) @ 4855000: uvm_test_top.env.scoreboard [SB] [PASS #5] DQ khop: expected=0xde actual=0xde | CRC_ref=0x6c
# UVM_INFO ../tb/ddr5_scoreboard.sv(142) @ 6015000: uvm_test_top.env.scoreboard [SB] [PASS #6] DQ khop: expected=0x00 actual=0x00 | CRC_ref=0x00
# UVM_INFO ../tb/ddr5_scoreboard.sv(142) @ 7175000: uvm_test_top.env.scoreboard [SB] [PASS #7] DQ khop: expected=0x77 actual=0x77 | CRC_ref=0xc9
# UVM_INFO ../tb/ddr5_scoreboard.sv(142) @ 8335000: uvm_test_top.env.scoreboard [SB] [PASS #8] DQ khop: expected=0xbe actual=0xbe | CRC_ref=0x99
# UVM_INFO ../tb/ddr5_scoreboard.sv(160) @ 9580000: uvm_test_top.env.scoreboard [SB]   PASS            : 8
# UVM_INFO ../tb/ddr5_scoreboard.sv(161) @ 9580000: uvm_test_top.env.scoreboard [SB]   FAIL            : 0
# UVM_INFO ../tb/ddr5_scoreboard.sv(164) @ 9580000: uvm_test_top.env.scoreboard [SB] >>> TEST PASSED <<<
# ** Report counts by severity
# UVM_ERROR :    0
# UVM_FATAL :    0
# ** Report counts by id
make[1]: Leaving directory '/e/tostudy/learned/HK10/Do An Tot Nghiep/practices/ddr5_phy_uvm/sim'
make sim TEST=ddr5_random_write_test
make[1]: Entering directory '/e/tostudy/learned/HK10/Do An Tot Nghiep/practices/ddr5_phy_uvm/sim'
vsim -t 1ps \
    -suppress 3009 \
    -c \
    +UVM_TESTNAME=ddr5_random_write_test \
    +UVM_VERBOSITY=UVM_MEDIUM \
    -do "run -all; quit -f;" \
    tb_top \
    | tee ddr5_random_write_test.log
Reading E:/ProgramFiles/Questasim/tcl/vsim/pref.tcl

# 10.2c

# vsim +UVM_TESTNAME=ddr5_random_write_test +UVM_VERBOSITY=UVM_MEDIUM -do {run -all; quit -f;} -c -suppress 3009 -t 1ps tb_top
# //  Questa Sim-64
# //  Version 10.2c Unknown Platform Jul 19 2013
# //
# //  Copyright 1991-2013 Mentor Graphics Corporation
# //  All Rights Reserved.
# //
# //  THIS WORK CONTAINS TRADE SECRET AND PROPRIETARY INFORMATION
# //  WHICH IS THE PROPERTY OF MENTOR GRAPHICS CORPORATION OR ITS
# //  LICENSORS AND IS SUBJECT TO LICENSE TERMS.
# //
# Loading sv_std.std
# Loading mtiUvm.uvm_pkg
# Loading work.tb_pkg(fast)
# Loading work.tb_top_sv_unit(fast)
# Loading work.tb_top(fast)
# Loading work.ddr5_phy_if(fast)
# Loading mtiUvm.questa_uvm_pkg(fast)
# Loading E:/ProgramFiles/Questasim/uvm-1.1d\win64\uvm_dpi.dll
# run -all
# ----------------------------------------------------------------
# UVM-1.1d
# (C) 2007-2013 Mentor Graphics Corporation
# (C) 2007-2013 Cadence Design Systems, Inc.
# (C) 2006-2013 Synopsys, Inc.
# (C) 2011-2013 Cypress Semiconductor Corp.
# ----------------------------------------------------------------
#
#   ***********       IMPORTANT RELEASE NOTES         ************
#
#   You are using a version of the UVM library that has been compiled
#   with `UVM_NO_DEPRECATED undefined.
#   See http://www.eda.org/svdb/view.php?id=3313 for more details.
#
#   You are using a version of the UVM library that has been compiled
#   with `UVM_OBJECT_MUST_HAVE_CONSTRUCTOR undefined.
#   See http://www.eda.org/svdb/view.php?id=3770 for more details.
#
#       (Specify +UVM_NO_RELNOTES to turn off this notice)
#
# UVM_INFO verilog_src/questa_uvm_pkg-1.2/src/questa_uvm_pkg.sv(215) @ 0: reporter [Questa UVM] QUESTA_UVM-1.2.2
# UVM_INFO verilog_src/questa_uvm_pkg-1.2/src/questa_uvm_pkg.sv(217) @ 0: reporter [Questa UVM]  questa_uvm::init(+struct)
# UVM_INFO @ 0: reporter [RNTST] Running test ddr5_random_write_test...
# UVM_INFO ../tb/ddr5_tests.sv(153) @ 0: uvm_test_top.env.mc_agent.sequencer@@seq [SEQ] Bắt ?ầu: Random Write (10 giao d?ch)
# UVM_INFO ../tb/ddr5_mc_driver.sv(66) @ 100000: uvm_test_top.env.mc_agent.driver [DRV] Reset hoan tat, DUT san sang
# UVM_INFO ../tb/ddr5_mc_driver.sv(23) @ 100000: uvm_test_top.env.mc_agent.driver [DRV] Drive: WRITE: rank=0 bg=1 bk=1 row=0x03344 col=0x228 | DATA[p0=1d p1=bf p2=3b p3=96] MASK[0000]
# UVM_INFO ../tb/ddr5_mc_monitor.sv(40) @ 135000: uvm_test_top.env.mc_agent.monitor [MC_MON] Captured WRITE: WRITE: rank=0 bg=x bk=x row=0xxxxxx col=0xxxx | DATA[p0=1d p1=bf p2=3b p3=96] MASK[0000]
# UVM_INFO ../tb/ddr5_coverage.sv(74) @ 135000: uvm_test_top.env.coverage [COV] Sample tx: rank=0 data_p0=0x1d mask=0 | W=32.5% F=41.7% M=41.7%
# UVM_INFO ../tb/ddr5_scoreboard.sv(121) @ 135000: uvm_test_top.env.scoreboard [SB] [MC] Nhan tx #1: WRITE: rank=0 bg=x bk=x row=0xxxxxx col=0xxxx | DATA[p0=1d p1=bf p2=3b p3=96] MASK[0000]
# UVM_INFO ../tb/ddr5_scoreboard.sv(122) @ 135000: uvm_test_top.env.scoreboard [SB] [CRC_REF] data=0x1d -> CRC-8 = 0xbe
# UVM_INFO ../tb/ddr5_scoreboard.sv(142) @ 215000: uvm_test_top.env.scoreboard [SB] [PASS #1] DQ khop: expected=0x1d actual=0x1d | CRC_ref=0xbe
# UVM_INFO ../tb/ddr5_mc_driver.sv(134) @ 1260000: uvm_test_top.env.mc_agent.driver [DRV] drive_write hoan tat
# UVM_INFO ../tb/ddr5_mc_driver.sv(23) @ 1260000: uvm_test_top.env.mc_agent.driver [DRV] Drive: WRITE: rank=0 bg=1 bk=1 row=0x04546 col=0x14c | DATA[p0=fc p1=cb p2=dd p3=a7] MASK[0000]
# UVM_INFO ../tb/ddr5_mc_monitor.sv(40) @ 1295000: uvm_test_top.env.mc_agent.monitor [MC_MON] Captured WRITE: WRITE: rank=0 bg=x bk=x row=0xxxxxx col=0xxxx | DATA[p0=fc p1=cb p2=dd p3=a7] MASK[0000]
# UVM_INFO ../tb/ddr5_coverage.sv(74) @ 1295000: uvm_test_top.env.coverage [COV] Sample tx: rank=0 data_p0=0xfc mask=0 | W=40.0% F=41.7% M=41.7%
# UVM_INFO ../tb/ddr5_scoreboard.sv(121) @ 1295000: uvm_test_top.env.scoreboard [SB] [MC] Nhan tx #2: WRITE: rank=0 bg=x bk=x row=0xxxxxx col=0xxxx | DATA[p0=fc p1=cb p2=dd p3=a7] MASK[0000]
# UVM_INFO ../tb/ddr5_scoreboard.sv(122) @ 1295000: uvm_test_top.env.scoreboard [SB] [CRC_REF] data=0xfc -> CRC-8 = 0xe8
# UVM_INFO ../tb/ddr5_scoreboard.sv(142) @ 1375000: uvm_test_top.env.scoreboard [SB] [PASS #2] DQ khop: expected=0xfc actual=0xfc | CRC_ref=0xe8
# UVM_INFO ../tb/ddr5_mc_driver.sv(134) @ 2420000: uvm_test_top.env.mc_agent.driver [DRV] drive_write hoan tat
# UVM_INFO ../tb/ddr5_mc_driver.sv(23) @ 2420000: uvm_test_top.env.mc_agent.driver [DRV] Drive: WRITE: rank=0 bg=3 bk=3 row=0x17719 col=0x2e9 | DATA[p0=d4 p1=b1 p2=92 p3=df] MASK[0000]
# UVM_INFO ../tb/ddr5_mc_monitor.sv(40) @ 2455000: uvm_test_top.env.mc_agent.monitor [MC_MON] Captured WRITE: WRITE: rank=0 bg=x bk=x row=0xxxxxx col=0xxxx | DATA[p0=d4 p1=b1 p2=92 p3=df] MASK[0000]
# UVM_INFO ../tb/ddr5_coverage.sv(74) @ 2455000: uvm_test_top.env.coverage [COV] Sample tx: rank=0 data_p0=0xd4 mask=0 | W=40.0% F=41.7% M=41.7%
# UVM_INFO ../tb/ddr5_scoreboard.sv(121) @ 2455000: uvm_test_top.env.scoreboard [SB] [MC] Nhan tx #3: WRITE: rank=0 bg=x bk=x row=0xxxxxx col=0xxxx | DATA[p0=d4 p1=b1 p2=92 p3=df] MASK[0000]
# UVM_INFO ../tb/ddr5_scoreboard.sv(122) @ 2455000: uvm_test_top.env.scoreboard [SB] [CRC_REF] data=0xd4 -> CRC-8 = 0xee
# UVM_INFO ../tb/ddr5_scoreboard.sv(142) @ 2535000: uvm_test_top.env.scoreboard [SB] [PASS #3] DQ khop: expected=0xd4 actual=0xd4 | CRC_ref=0xee
# UVM_INFO ../tb/ddr5_mc_driver.sv(134) @ 3580000: uvm_test_top.env.mc_agent.driver [DRV] drive_write hoan tat
# UVM_INFO ../tb/ddr5_mc_driver.sv(23) @ 3580000: uvm_test_top.env.mc_agent.driver [DRV] Drive: WRITE: rank=0 bg=1 bk=2 row=0x0076f col=0x0ee | DATA[p0=ee p1=90 p2=65 p3=d6] MASK[0000]
# UVM_INFO ../tb/ddr5_mc_monitor.sv(40) @ 3615000: uvm_test_top.env.mc_agent.monitor [MC_MON] Captured WRITE: WRITE: rank=0 bg=x bk=x row=0xxxxxx col=0xxxx | DATA[p0=ee p1=90 p2=65 p3=d6] MASK[0000]
# UVM_INFO ../tb/ddr5_coverage.sv(74) @ 3615000: uvm_test_top.env.coverage [COV] Sample tx: rank=0 data_p0=0xee mask=0 | W=40.0% F=41.7% M=41.7%
# UVM_INFO ../tb/ddr5_scoreboard.sv(121) @ 3615000: uvm_test_top.env.scoreboard [SB] [MC] Nhan tx #4: WRITE: rank=0 bg=x bk=x row=0xxxxxx col=0xxxx | DATA[p0=ee p1=90 p2=65 p3=d6] MASK[0000]
# UVM_INFO ../tb/ddr5_scoreboard.sv(122) @ 3615000: uvm_test_top.env.scoreboard [SB] [CRC_REF] data=0xee -> CRC-8 = 0x95
# UVM_INFO ../tb/ddr5_scoreboard.sv(142) @ 3695000: uvm_test_top.env.scoreboard [SB] [PASS #4] DQ khop: expected=0xee actual=0xee | CRC_ref=0x95
# UVM_INFO ../tb/ddr5_mc_driver.sv(134) @ 4740000: uvm_test_top.env.mc_agent.driver [DRV] drive_write hoan tat
# UVM_INFO ../tb/ddr5_mc_driver.sv(23) @ 4740000: uvm_test_top.env.mc_agent.driver [DRV] Drive: WRITE: rank=1 bg=0 bk=0 row=0x01ed4 col=0x359 | DATA[p0=81 p1=a0 p2=35 p3=f3] MASK[0000]
# UVM_INFO ../tb/ddr5_mc_monitor.sv(40) @ 4775000: uvm_test_top.env.mc_agent.monitor [MC_MON] Captured WRITE: WRITE: rank=1 bg=x bk=x row=0xxxxxx col=0xxxx | DATA[p0=81 p1=a0 p2=35 p3=f3] MASK[0000]
# UVM_INFO ../tb/ddr5_coverage.sv(74) @ 4775000: uvm_test_top.env.coverage [COV] Sample tx: rank=1 data_p0=0x81 mask=0 | W=57.5% F=66.7% M=66.7%
# UVM_INFO ../tb/ddr5_scoreboard.sv(121) @ 4775000: uvm_test_top.env.scoreboard [SB] [MC] Nhan tx #5: WRITE: rank=1 bg=x bk=x row=0xxxxxx col=0xxxx | DATA[p0=81 p1=a0 p2=35 p3=f3] MASK[0000]
# UVM_INFO ../tb/ddr5_scoreboard.sv(122) @ 4775000: uvm_test_top.env.scoreboard [SB] [CRC_REF] data=0x81 -> CRC-8 = 0xa3
# UVM_INFO ../tb/ddr5_scoreboard.sv(142) @ 4855000: uvm_test_top.env.scoreboard [SB] [PASS #5] DQ khop: expected=0x81 actual=0x81 | CRC_ref=0xa3
# UVM_INFO ../tb/ddr5_mc_driver.sv(134) @ 5900000: uvm_test_top.env.mc_agent.driver [DRV] drive_write hoan tat
# UVM_INFO ../tb/ddr5_mc_driver.sv(23) @ 5900000: uvm_test_top.env.mc_agent.driver [DRV] Drive: WRITE: rank=0 bg=2 bk=3 row=0x1b078 col=0x16c | DATA[p0=f5 p1=df p2=b1 p3=b4] MASK[0000]
# UVM_INFO ../tb/ddr5_mc_monitor.sv(40) @ 5935000: uvm_test_top.env.mc_agent.monitor [MC_MON] Captured WRITE: WRITE: rank=0 bg=x bk=x row=0xxxxxx col=0xxxx | DATA[p0=f5 p1=df p2=b1 p3=b4] MASK[0000]
# UVM_INFO ../tb/ddr5_coverage.sv(74) @ 5935000: uvm_test_top.env.coverage [COV] Sample tx: rank=0 data_p0=0xf5 mask=0 | W=57.5% F=66.7% M=66.7%
# UVM_INFO ../tb/ddr5_scoreboard.sv(121) @ 5935000: uvm_test_top.env.scoreboard [SB] [MC] Nhan tx #6: WRITE: rank=0 bg=x bk=x row=0xxxxxx col=0xxxx | DATA[p0=f5 p1=df p2=b1 p3=b4] MASK[0000]
# UVM_INFO ../tb/ddr5_scoreboard.sv(122) @ 5935000: uvm_test_top.env.scoreboard [SB] [CRC_REF] data=0xf5 -> CRC-8 = 0x55
# UVM_INFO ../tb/ddr5_scoreboard.sv(142) @ 6015000: uvm_test_top.env.scoreboard [SB] [PASS #6] DQ khop: expected=0xf5 actual=0xf5 | CRC_ref=0x55
# UVM_INFO ../tb/ddr5_mc_driver.sv(134) @ 7060000: uvm_test_top.env.mc_agent.driver [DRV] drive_write hoan tat
# UVM_INFO ../tb/ddr5_mc_driver.sv(23) @ 7060000: uvm_test_top.env.mc_agent.driver [DRV] Drive: WRITE: rank=1 bg=0 bk=3 row=0x0139b col=0x13f | DATA[p0=61 p1=90 p2=56 p3=c7] MASK[0000]
# UVM_INFO ../tb/ddr5_mc_monitor.sv(40) @ 7095000: uvm_test_top.env.mc_agent.monitor [MC_MON] Captured WRITE: WRITE: rank=1 bg=x bk=x row=0xxxxxx col=0xxxx | DATA[p0=61 p1=90 p2=56 p3=c7] MASK[0000]
# UVM_INFO ../tb/ddr5_coverage.sv(74) @ 7095000: uvm_test_top.env.coverage [COV] Sample tx: rank=1 data_p0=0x61 mask=0 | W=60.0% F=66.7% M=66.7%
# UVM_INFO ../tb/ddr5_scoreboard.sv(121) @ 7095000: uvm_test_top.env.scoreboard [SB] [MC] Nhan tx #7: WRITE: rank=1 bg=x bk=x row=0xxxxxx col=0xxxx | DATA[p0=61 p1=90 p2=56 p3=c7] MASK[0000]
# UVM_INFO ../tb/ddr5_scoreboard.sv(122) @ 7095000: uvm_test_top.env.scoreboard [SB] [CRC_REF] data=0x61 -> CRC-8 = 0x1d
# UVM_INFO ../tb/ddr5_scoreboard.sv(142) @ 7175000: uvm_test_top.env.scoreboard [SB] [PASS #7] DQ khop: expected=0x61 actual=0x61 | CRC_ref=0x1d
# UVM_INFO ../tb/ddr5_mc_driver.sv(134) @ 8220000: uvm_test_top.env.mc_agent.driver [DRV] drive_write hoan tat
# UVM_INFO ../tb/ddr5_mc_driver.sv(23) @ 8220000: uvm_test_top.env.mc_agent.driver [DRV] Drive: WRITE: rank=0 bg=0 bk=0 row=0x0ab5e col=0x347 | DATA[p0=c2 p1=52 p2=35 p3=cb] MASK[0000]
# UVM_INFO ../tb/ddr5_mc_monitor.sv(40) @ 8255000: uvm_test_top.env.mc_agent.monitor [MC_MON] Captured WRITE: WRITE: rank=0 bg=x bk=x row=0xxxxxx col=0xxxx | DATA[p0=c2 p1=52 p2=35 p3=cb] MASK[0000]
# UVM_INFO ../tb/ddr5_coverage.sv(74) @ 8255000: uvm_test_top.env.coverage [COV] Sample tx: rank=0 data_p0=0xc2 mask=0 | W=60.0% F=66.7% M=66.7%
# UVM_INFO ../tb/ddr5_scoreboard.sv(121) @ 8255000: uvm_test_top.env.scoreboard [SB] [MC] Nhan tx #8: WRITE: rank=0 bg=x bk=x row=0xxxxxx col=0xxxx | DATA[p0=c2 p1=52 p2=35 p3=cb] MASK[0000]
# UVM_INFO ../tb/ddr5_scoreboard.sv(122) @ 8255000: uvm_test_top.env.scoreboard [SB] [CRC_REF] data=0xc2 -> CRC-8 = 0x3a
# UVM_INFO ../tb/ddr5_scoreboard.sv(142) @ 8335000: uvm_test_top.env.scoreboard [SB] [PASS #8] DQ khop: expected=0xc2 actual=0xc2 | CRC_ref=0x3a
# UVM_INFO ../tb/ddr5_mc_driver.sv(134) @ 9380000: uvm_test_top.env.mc_agent.driver [DRV] drive_write hoan tat
# UVM_INFO ../tb/ddr5_mc_driver.sv(23) @ 9380000: uvm_test_top.env.mc_agent.driver [DRV] Drive: WRITE: rank=1 bg=1 bk=3 row=0x0807c col=0x0c2 | DATA[p0=29 p1=1f p2=6c p3=dc] MASK[0000]
# UVM_INFO ../tb/ddr5_mc_monitor.sv(40) @ 9415000: uvm_test_top.env.mc_agent.monitor [MC_MON] Captured WRITE: WRITE: rank=1 bg=x bk=x row=0xxxxxx col=0xxxx | DATA[p0=29 p1=1f p2=6c p3=dc] MASK[0000]
# UVM_INFO ../tb/ddr5_coverage.sv(74) @ 9415000: uvm_test_top.env.coverage [COV] Sample tx: rank=1 data_p0=0x29 mask=0 | W=60.0% F=66.7% M=66.7%
# UVM_INFO ../tb/ddr5_scoreboard.sv(121) @ 9415000: uvm_test_top.env.scoreboard [SB] [MC] Nhan tx #9: WRITE: rank=1 bg=x bk=x row=0xxxxxx col=0xxxx | DATA[p0=29 p1=1f p2=6c p3=dc] MASK[0000]
# UVM_INFO ../tb/ddr5_scoreboard.sv(122) @ 9415000: uvm_test_top.env.scoreboard [SB] [CRC_REF] data=0x29 -> CRC-8 = 0xee
# UVM_INFO ../tb/ddr5_scoreboard.sv(142) @ 9495000: uvm_test_top.env.scoreboard [SB] [PASS #9] DQ khop: expected=0x29 actual=0x29 | CRC_ref=0xee
# UVM_INFO ../tb/ddr5_mc_driver.sv(134) @ 10540000: uvm_test_top.env.mc_agent.driver [DRV] drive_write hoan tat
# UVM_INFO ../tb/ddr5_mc_driver.sv(23) @ 10540000: uvm_test_top.env.mc_agent.driver [DRV] Drive: WRITE: rank=0 bg=0 bk=0 row=0x07bf1 col=0x3e2 | DATA[p0=37 p1=0b p2=bd p3=09] MASK[0000]
# UVM_INFO ../tb/ddr5_mc_monitor.sv(40) @ 10575000: uvm_test_top.env.mc_agent.monitor [MC_MON] Captured WRITE: WRITE: rank=0 bg=x bk=x row=0xxxxxx col=0xxxx | DATA[p0=37 p1=0b p2=bd p3=09] MASK[0000]
# UVM_INFO ../tb/ddr5_coverage.sv(74) @ 10575000: uvm_test_top.env.coverage [COV] Sample tx: rank=0 data_p0=0x37 mask=0 | W=60.0% F=66.7% M=66.7%
# UVM_INFO ../tb/ddr5_scoreboard.sv(121) @ 10575000: uvm_test_top.env.scoreboard [SB] [MC] Nhan tx #10: WRITE: rank=0 bg=x bk=x row=0xxxxxx col=0xxxx | DATA[p0=37 p1=0b p2=bd p3=09] MASK[0000]
# UVM_INFO ../tb/ddr5_scoreboard.sv(122) @ 10575000: uvm_test_top.env.scoreboard [SB] [CRC_REF] data=0x37 -> CRC-8 = 0x6f
# UVM_INFO ../tb/ddr5_scoreboard.sv(142) @ 10655000: uvm_test_top.env.scoreboard [SB] [PASS #10] DQ khop: expected=0x37 actual=0x37 | CRC_ref=0x6f
# UVM_INFO ../tb/ddr5_mc_driver.sv(134) @ 11700000: uvm_test_top.env.mc_agent.driver [DRV] drive_write hoan tat
# UVM_INFO ../tb/ddr5_mc_driver.sv(23) @ 11700000: uvm_test_top.env.mc_agent.driver [DRV] Drive: WRITE: rank=1 bg=x bk=x row=0xxxxxx col=0xxxx | DATA[p0=00 p1=00 p2=00 p3=00] MASK[0000]
# UVM_INFO ../tb/ddr5_mc_monitor.sv(40) @ 11735000: uvm_test_top.env.mc_agent.monitor [MC_MON] Captured WRITE: WRITE: rank=1 bg=x bk=x row=0xxxxxx col=0xxxx | DATA[p0=00 p1=00 p2=00 p3=00] MASK[0000]
# UVM_INFO ../tb/ddr5_coverage.sv(74) @ 11735000: uvm_test_top.env.coverage [COV] Sample tx: rank=1 data_p0=0x00 mask=0 | W=67.5% F=66.7% M=66.7%
# UVM_INFO ../tb/ddr5_scoreboard.sv(121) @ 11735000: uvm_test_top.env.scoreboard [SB] [MC] Nhan tx #11: WRITE: rank=1 bg=x bk=x row=0xxxxxx col=0xxxx | DATA[p0=00 p1=00 p2=00 p3=00] MASK[0000]
# UVM_INFO ../tb/ddr5_scoreboard.sv(122) @ 11735000: uvm_test_top.env.scoreboard [SB] [CRC_REF] data=0x00 -> CRC-8 = 0x00
# UVM_INFO ../tb/ddr5_scoreboard.sv(142) @ 11815000: uvm_test_top.env.scoreboard [SB] [PASS #11] DQ khop: expected=0x00 actual=0x00 | CRC_ref=0x00
# UVM_INFO ../tb/ddr5_mc_driver.sv(134) @ 12860000: uvm_test_top.env.mc_agent.driver [DRV] drive_write hoan tat
# UVM_INFO ../tb/ddr5_mc_driver.sv(23) @ 12860000: uvm_test_top.env.mc_agent.driver [DRV] Drive: WRITE: rank=1 bg=x bk=x row=0xxxxxx col=0xxxx | DATA[p0=ff p1=ff p2=ff p3=ff] MASK[0000]
# UVM_INFO ../tb/ddr5_mc_monitor.sv(40) @ 12895000: uvm_test_top.env.mc_agent.monitor [MC_MON] Captured WRITE: WRITE: rank=1 bg=x bk=x row=0xxxxxx col=0xxxx | DATA[p0=ff p1=ff p2=ff p3=ff] MASK[0000]
# UVM_INFO ../tb/ddr5_coverage.sv(74) @ 12895000: uvm_test_top.env.coverage [COV] Sample tx: rank=1 data_p0=0xff mask=0 | W=75.0% F=66.7% M=66.7%
# UVM_INFO ../tb/ddr5_scoreboard.sv(121) @ 12895000: uvm_test_top.env.scoreboard [SB] [MC] Nhan tx #12: WRITE: rank=1 bg=x bk=x row=0xxxxxx col=0xxxx | DATA[p0=ff p1=ff p2=ff p3=ff] MASK[0000]
# UVM_INFO ../tb/ddr5_scoreboard.sv(122) @ 12895000: uvm_test_top.env.scoreboard [SB] [CRC_REF] data=0xff -> CRC-8 = 0xd7
# UVM_INFO ../tb/ddr5_scoreboard.sv(142) @ 12975000: uvm_test_top.env.scoreboard [SB] [PASS #12] DQ khop: expected=0xff actual=0xff | CRC_ref=0xd7
# UVM_INFO ../tb/ddr5_mc_driver.sv(134) @ 14020000: uvm_test_top.env.mc_agent.driver [DRV] drive_write hoan tat
# UVM_INFO ../tb/ddr5_mc_driver.sv(23) @ 14020000: uvm_test_top.env.mc_agent.driver [DRV] Drive: WRITE: rank=0 bg=x bk=x row=0xxxxxx col=0xxxx | DATA[p0=7f p1=12 p2=34 p3=56] MASK[0000]
# UVM_INFO ../tb/ddr5_mc_monitor.sv(40) @ 14055000: uvm_test_top.env.mc_agent.monitor [MC_MON] Captured WRITE: WRITE: rank=0 bg=x bk=x row=0xxxxxx col=0xxxx | DATA[p0=7f p1=12 p2=34 p3=56] MASK[0000]
# UVM_INFO ../tb/ddr5_coverage.sv(74) @ 14055000: uvm_test_top.env.coverage [COV] Sample tx: rank=0 data_p0=0x7f mask=0 | W=75.0% F=66.7% M=66.7%
# UVM_INFO ../tb/ddr5_scoreboard.sv(121) @ 14055000: uvm_test_top.env.scoreboard [SB] [MC] Nhan tx #13: WRITE: rank=0 bg=x bk=x row=0xxxxxx col=0xxxx | DATA[p0=7f p1=12 p2=34 p3=56] MASK[0000]
# UVM_INFO ../tb/ddr5_scoreboard.sv(122) @ 14055000: uvm_test_top.env.scoreboard [SB] [CRC_REF] data=0x7f -> CRC-8 = 0x9c
# UVM_INFO ../tb/ddr5_scoreboard.sv(142) @ 14135000: uvm_test_top.env.scoreboard [SB] [PASS #13] DQ khop: expected=0x7f actual=0x7f | CRC_ref=0x9c
# UVM_INFO ../tb/ddr5_mc_driver.sv(134) @ 15180000: uvm_test_top.env.mc_agent.driver [DRV] drive_write hoan tat
# UVM_INFO ../tb/ddr5_mc_driver.sv(23) @ 15180000: uvm_test_top.env.mc_agent.driver [DRV] Drive: WRITE: rank=1 bg=x bk=x row=0xxxxxx col=0xxxx | DATA[p0=80 p1=81 p2=82 p3=83] MASK[0000]
# UVM_INFO ../tb/ddr5_mc_monitor.sv(40) @ 15215000: uvm_test_top.env.mc_agent.monitor [MC_MON] Captured WRITE: WRITE: rank=1 bg=x bk=x row=0xxxxxx col=0xxxx | DATA[p0=80 p1=81 p2=82 p3=83] MASK[0000]
# UVM_INFO ../tb/ddr5_coverage.sv(74) @ 15215000: uvm_test_top.env.coverage [COV] Sample tx: rank=1 data_p0=0x80 mask=0 | W=75.0% F=66.7% M=66.7%
# UVM_INFO ../tb/ddr5_scoreboard.sv(121) @ 15215000: uvm_test_top.env.scoreboard [SB] [MC] Nhan tx #14: WRITE: rank=1 bg=x bk=x row=0xxxxxx col=0xxxx | DATA[p0=80 p1=81 p2=82 p3=83] MASK[0000]
# UVM_INFO ../tb/ddr5_scoreboard.sv(122) @ 15215000: uvm_test_top.env.scoreboard [SB] [CRC_REF] data=0x80 -> CRC-8 = 0x4b
# UVM_INFO ../tb/ddr5_scoreboard.sv(142) @ 15295000: uvm_test_top.env.scoreboard [SB] [PASS #14] DQ khop: expected=0x80 actual=0x80 | CRC_ref=0x4b
# UVM_INFO ../tb/ddr5_mc_driver.sv(134) @ 16340000: uvm_test_top.env.mc_agent.driver [DRV] drive_write hoan tat
# UVM_INFO ../tb/ddr5_mc_driver.sv(23) @ 16340000: uvm_test_top.env.mc_agent.driver [DRV] Drive: WRITE: rank=0 bg=x bk=x row=0xxxxxx col=0xxxx | DATA[p0=3c p1=3c p2=3c p3=3c] MASK[0000]
# UVM_INFO ../tb/ddr5_mc_monitor.sv(40) @ 16375000: uvm_test_top.env.mc_agent.monitor [MC_MON] Captured WRITE: WRITE: rank=0 bg=x bk=x row=0xxxxxx col=0xxxx | DATA[p0=3c p1=3c p2=3c p3=3c] MASK[0000]
# UVM_INFO ../tb/ddr5_coverage.sv(74) @ 16375000: uvm_test_top.env.coverage [COV] Sample tx: rank=0 data_p0=0x3c mask=0 | W=75.0% F=66.7% M=66.7%
# UVM_INFO ../tb/ddr5_scoreboard.sv(121) @ 16375000: uvm_test_top.env.scoreboard [SB] [MC] Nhan tx #15: WRITE: rank=0 bg=x bk=x row=0xxxxxx col=0xxxx | DATA[p0=3c p1=3c p2=3c p3=3c] MASK[0000]
# UVM_INFO ../tb/ddr5_scoreboard.sv(122) @ 16375000: uvm_test_top.env.scoreboard [SB] [CRC_REF] data=0x3c -> CRC-8 = 0x05
# UVM_INFO ../tb/ddr5_scoreboard.sv(142) @ 16455000: uvm_test_top.env.scoreboard [SB] [PASS #15] DQ khop: expected=0x3c actual=0x3c | CRC_ref=0x05
# UVM_INFO ../tb/ddr5_mc_driver.sv(134) @ 17500000: uvm_test_top.env.mc_agent.driver [DRV] drive_write hoan tat
# UVM_INFO ../tb/ddr5_mc_driver.sv(23) @ 17500000: uvm_test_top.env.mc_agent.driver [DRV] Drive: WRITE: rank=0 bg=x bk=x row=0xxxxxx col=0xxxx | DATA[p0=a5 p1=b6 p2=c7 p3=d8] MASK[0000]
# UVM_INFO ../tb/ddr5_mc_monitor.sv(40) @ 17535000: uvm_test_top.env.mc_agent.monitor [MC_MON] Captured WRITE: WRITE: rank=0 bg=x bk=x row=0xxxxxx col=0xxxx | DATA[p0=a5 p1=b6 p2=c7 p3=d8] MASK[0000]
# UVM_INFO ../tb/ddr5_coverage.sv(74) @ 17535000: uvm_test_top.env.coverage [COV] Sample tx: rank=0 data_p0=0xa5 mask=0 | W=75.0% F=66.7% M=66.7%
# UVM_INFO ../tb/ddr5_scoreboard.sv(121) @ 17535000: uvm_test_top.env.scoreboard [SB] [MC] Nhan tx #16: WRITE: rank=0 bg=x bk=x row=0xxxxxx col=0xxxx | DATA[p0=a5 p1=b6 p2=c7 p3=d8] MASK[0000]
# UVM_INFO ../tb/ddr5_scoreboard.sv(122) @ 17535000: uvm_test_top.env.scoreboard [SB] [CRC_REF] data=0xa5 -> CRC-8 = 0x59
# UVM_INFO ../tb/ddr5_scoreboard.sv(142) @ 17615000: uvm_test_top.env.scoreboard [SB] [PASS #16] DQ khop: expected=0xa5 actual=0xa5 | CRC_ref=0x59
# UVM_INFO ../tb/ddr5_mc_driver.sv(134) @ 18660000: uvm_test_top.env.mc_agent.driver [DRV] drive_write hoan tat
# UVM_INFO ../tb/ddr5_mc_driver.sv(23) @ 18660000: uvm_test_top.env.mc_agent.driver [DRV] Drive: WRITE: rank=0 bg=x bk=x row=0xxxxxx col=0xxxx | DATA[p0=77 p1=88 p2=99 p3=aa] MASK[1001]
# UVM_INFO ../tb/ddr5_mc_monitor.sv(40) @ 18695000: uvm_test_top.env.mc_agent.monitor [MC_MON] Captured WRITE: WRITE: rank=0 bg=x bk=x row=0xxxxxx col=0xxxx | DATA[p0=77 p1=88 p2=99 p3=aa] MASK[1000]
# UVM_INFO ../tb/ddr5_coverage.sv(74) @ 18695000: uvm_test_top.env.coverage [COV] Sample tx: rank=0 data_p0=0x77 mask=1 | W=90.0% F=91.7% M=91.7%
# UVM_INFO ../tb/ddr5_scoreboard.sv(121) @ 18695000: uvm_test_top.env.scoreboard [SB] [MC] Nhan tx #17: WRITE: rank=0 bg=x bk=x row=0xxxxxx col=0xxxx | DATA[p0=77 p1=88 p2=99 p3=aa] MASK[1000]
# UVM_INFO ../tb/ddr5_scoreboard.sv(122) @ 18695000: uvm_test_top.env.scoreboard [SB] [CRC_REF] data=0x77 -> CRC-8 = 0xc9
# UVM_INFO ../tb/ddr5_scoreboard.sv(142) @ 18775000: uvm_test_top.env.scoreboard [SB] [PASS #17] DQ khop: expected=0x77 actual=0x77 | CRC_ref=0xc9
# UVM_INFO ../tb/ddr5_mc_driver.sv(134) @ 19820000: uvm_test_top.env.mc_agent.driver [DRV] drive_write hoan tat
# UVM_INFO ../tb/ddr5_mc_driver.sv(23) @ 19820000: uvm_test_top.env.mc_agent.driver [DRV] Drive: WRITE: rank=1 bg=x bk=x row=0xxxxxx col=0xxxx | DATA[p0=55 p1=66 p2=77 p3=88] MASK[0000]
# UVM_INFO ../tb/ddr5_mc_monitor.sv(40) @ 19855000: uvm_test_top.env.mc_agent.monitor [MC_MON] Captured WRITE: WRITE: rank=1 bg=x bk=x row=0xxxxxx col=0xxxx | DATA[p0=55 p1=66 p2=77 p3=88] MASK[0000]
# UVM_INFO ../tb/ddr5_coverage.sv(74) @ 19855000: uvm_test_top.env.coverage [COV] Sample tx: rank=1 data_p0=0x55 mask=0 | W=90.0% F=91.7% M=91.7%
# UVM_INFO ../tb/ddr5_scoreboard.sv(121) @ 19855000: uvm_test_top.env.scoreboard [SB] [MC] Nhan tx #18: WRITE: rank=1 bg=x bk=x row=0xxxxxx col=0xxxx | DATA[p0=55 p1=66 p2=77 p3=88] MASK[0000]
# UVM_INFO ../tb/ddr5_scoreboard.sv(122) @ 19855000: uvm_test_top.env.scoreboard [SB] [CRC_REF] data=0x55 -> CRC-8 = 0x4d
# UVM_INFO ../tb/ddr5_scoreboard.sv(142) @ 19935000: uvm_test_top.env.scoreboard [SB] [PASS #18] DQ khop: expected=0x55 actual=0x55 | CRC_ref=0x4d
# UVM_INFO ../tb/ddr5_mc_driver.sv(134) @ 20980000: uvm_test_top.env.mc_agent.driver [DRV] drive_write hoan tat
# UVM_INFO ../tb/ddr5_mc_driver.sv(23) @ 20980000: uvm_test_top.env.mc_agent.driver [DRV] Drive: WRITE: rank=1 bg=x bk=x row=0xxxxxx col=0xxxx | DATA[p0=a5 p1=b5 p2=c5 p3=d5] MASK[1010]
# UVM_INFO ../tb/ddr5_mc_monitor.sv(40) @ 21015000: uvm_test_top.env.mc_agent.monitor [MC_MON] Captured WRITE: WRITE: rank=1 bg=x bk=x row=0xxxxxx col=0xxxx | DATA[p0=a5 p1=b5 p2=c5 p3=d5] MASK[1000]
# UVM_INFO ../tb/ddr5_coverage.sv(74) @ 21015000: uvm_test_top.env.coverage [COV] Sample tx: rank=1 data_p0=0xa5 mask=1 | W=95.0% F=100.0% M=100.0%
# UVM_INFO ../tb/ddr5_scoreboard.sv(121) @ 21015000: uvm_test_top.env.scoreboard [SB] [MC] Nhan tx #19: WRITE: rank=1 bg=x bk=x row=0xxxxxx col=0xxxx | DATA[p0=a5 p1=b5 p2=c5 p3=d5] MASK[1000]
# UVM_INFO ../tb/ddr5_scoreboard.sv(122) @ 21015000: uvm_test_top.env.scoreboard [SB] [CRC_REF] data=0xa5 -> CRC-8 = 0x59
# UVM_INFO ../tb/ddr5_scoreboard.sv(142) @ 21095000: uvm_test_top.env.scoreboard [SB] [PASS #19] DQ khop: expected=0xa5 actual=0xa5 | CRC_ref=0x59
# UVM_INFO ../tb/ddr5_mc_driver.sv(134) @ 22140000: uvm_test_top.env.mc_agent.driver [DRV] drive_write hoan tat
# UVM_INFO ../tb/ddr5_mc_driver.sv(23) @ 22140000: uvm_test_top.env.mc_agent.driver [DRV] Drive: WRITE: rank=0 bg=x bk=x row=0xxxxxx col=0xxxx | DATA[p0=c3 p1=c3 p2=c3 p3=c3] MASK[0000]
# UVM_INFO ../tb/ddr5_mc_monitor.sv(40) @ 22175000: uvm_test_top.env.mc_agent.monitor [MC_MON] Captured WRITE: WRITE: rank=0 bg=x bk=x row=0xxxxxx col=0xxxx | DATA[p0=c3 p1=c3 p2=c3 p3=c3] MASK[0000]
# UVM_INFO ../tb/ddr5_coverage.sv(74) @ 22175000: uvm_test_top.env.coverage [COV] Sample tx: rank=0 data_p0=0xc3 mask=0 | W=95.0% F=100.0% M=100.0%
# UVM_INFO ../tb/ddr5_scoreboard.sv(121) @ 22175000: uvm_test_top.env.scoreboard [SB] [MC] Nhan tx #20: WRITE: rank=0 bg=x bk=x row=0xxxxxx col=0xxxx | DATA[p0=c3 p1=c3 p2=c3 p3=c3] MASK[0000]
# UVM_INFO ../tb/ddr5_scoreboard.sv(122) @ 22175000: uvm_test_top.env.scoreboard [SB] [CRC_REF] data=0xc3 -> CRC-8 = 0xd2
# UVM_INFO ../tb/ddr5_scoreboard.sv(142) @ 22255000: uvm_test_top.env.scoreboard [SB] [PASS #20] DQ khop: expected=0xc3 actual=0xc3 | CRC_ref=0xd2
# UVM_INFO ../tb/ddr5_mc_driver.sv(134) @ 23300000: uvm_test_top.env.mc_agent.driver [DRV] drive_write hoan tat
# UVM_INFO ../tb/ddr5_tests.sv(181) @ 23300000: uvm_test_top.env.mc_agent.sequencer@@seq [SEQ] Ho▒▒n ▒▒▒▒nh: Random Write
# UVM_INFO verilog_src/uvm-1.1d/src/base/uvm_objection.svh(1268) @ 23350000: reporter [TEST_DONE] 'run' phase is ready to proceed to the 'extract' phase
# UVM_INFO ../tb/ddr5_coverage.sv(79) @ 23350000: uvm_test_top.env.coverage [COV] ============================================
# UVM_INFO ../tb/ddr5_coverage.sv(80) @ 23350000: uvm_test_top.env.coverage [COV]          BAO CAO FUNCTIONAL COVERAGE
# UVM_INFO ../tb/ddr5_coverage.sv(81) @ 23350000: uvm_test_top.env.coverage [COV] ============================================
# UVM_INFO ../tb/ddr5_coverage.sv(82) @ 23350000: uvm_test_top.env.coverage [COV]   Write coverage     : 95.00%
# UVM_INFO ../tb/ddr5_coverage.sv(83) @ 23350000: uvm_test_top.env.coverage [COV]   FSM coverage       : 100.00%
# UVM_INFO ../tb/ddr5_coverage.sv(84) @ 23350000: uvm_test_top.env.coverage [COV]   Mask coverage      : 100.00%
# UVM_INFO ../tb/ddr5_coverage.sv(85) @ 23350000: uvm_test_top.env.coverage [COV] --------------------------------------------
# UVM_INFO ../tb/ddr5_coverage.sv(86) @ 23350000: uvm_test_top.env.coverage [COV]   cp_rank            : 100.00%
# UVM_INFO ../tb/ddr5_coverage.sv(87) @ 23350000: uvm_test_top.env.coverage [COV]   cp_wrdata_p0       : 100.00%
# UVM_INFO ../tb/ddr5_coverage.sv(88) @ 23350000: uvm_test_top.env.coverage [COV]   cp_mask            : 100.00%
# UVM_INFO ../tb/ddr5_coverage.sv(89) @ 23350000: uvm_test_top.env.coverage [COV]   cx_rank_x_data     : 75.00%
# UVM_INFO ../tb/ddr5_coverage.sv(90) @ 23350000: uvm_test_top.env.coverage [COV]   cx_rank_x_mask     : 100.00%
# UVM_INFO ../tb/ddr5_coverage.sv(91) @ 23350000: uvm_test_top.env.coverage [COV] ============================================
# UVM_INFO ../tb/ddr5_coverage.sv(98) @ 23350000: uvm_test_top.env.coverage [COV] Coverage >= 80% - Dat muc chap nhan duoc
# UVM_INFO ../tb/ddr5_dram_monitor.sv(90) @ 23350000: uvm_test_top.env.dram_agent.monitor [DRAM_MON] Tong so cycle DQ_valid = 260
# UVM_INFO ../tb/ddr5_scoreboard.sv(156) @ 23350000: uvm_test_top.env.scoreboard [SB] ============================================
# UVM_INFO ../tb/ddr5_scoreboard.sv(157) @ 23350000: uvm_test_top.env.scoreboard [SB]          KET QUA XAC MINH
# UVM_INFO ../tb/ddr5_scoreboard.sv(158) @ 23350000: uvm_test_top.env.scoreboard [SB] ============================================
# UVM_INFO ../tb/ddr5_scoreboard.sv(159) @ 23350000: uvm_test_top.env.scoreboard [SB]   Tong giao dich  : 20
# UVM_INFO ../tb/ddr5_scoreboard.sv(160) @ 23350000: uvm_test_top.env.scoreboard [SB]   PASS            : 20
# UVM_INFO ../tb/ddr5_scoreboard.sv(161) @ 23350000: uvm_test_top.env.scoreboard [SB]   FAIL            : 0
# UVM_INFO ../tb/ddr5_scoreboard.sv(162) @ 23350000: uvm_test_top.env.scoreboard [SB] ============================================
# UVM_INFO ../tb/ddr5_scoreboard.sv(164) @ 23350000: uvm_test_top.env.scoreboard [SB] >>> TEST PASSED <<<
#
# --- UVM Report Summary ---
#
# ** Report counts by severity
# UVM_INFO :  170
# UVM_WARNING :    0
# UVM_ERROR :    0
# UVM_FATAL :    0
# ** Report counts by id
# [COV]    34
# [DRAM_MON]     1
# [DRV]    41
# [MC_MON]    20
# [Questa UVM]     2
# [RNTST]     1
# [SB]    68
# [SEQ]     2
# [TEST_DONE]     1
# ** Note: $finish    : E:/ProgramFiles/Questasim/win64/../verilog_src/uvm-1.1d/src/base/uvm_root.svh(430)
#    Time: 23350 ns  Iteration: 54  Instance: /tb_top

=== Log da luu vao: ddr5_random_write_test.log ===
# UVM_INFO ../tb/ddr5_scoreboard.sv(142) @ 215000: uvm_test_top.env.scoreboard [SB] [PASS #1] DQ khop: expected=0x1d actual=0x1d | CRC_ref=0xbe
# UVM_INFO ../tb/ddr5_scoreboard.sv(142) @ 1375000: uvm_test_top.env.scoreboard [SB] [PASS #2] DQ khop: expected=0xfc actual=0xfc | CRC_ref=0xe8
# UVM_INFO ../tb/ddr5_scoreboard.sv(142) @ 2535000: uvm_test_top.env.scoreboard [SB] [PASS #3] DQ khop: expected=0xd4 actual=0xd4 | CRC_ref=0xee
# UVM_INFO ../tb/ddr5_scoreboard.sv(142) @ 3695000: uvm_test_top.env.scoreboard [SB] [PASS #4] DQ khop: expected=0xee actual=0xee | CRC_ref=0x95
# UVM_INFO ../tb/ddr5_scoreboard.sv(142) @ 4855000: uvm_test_top.env.scoreboard [SB] [PASS #5] DQ khop: expected=0x81 actual=0x81 | CRC_ref=0xa3
# UVM_INFO ../tb/ddr5_scoreboard.sv(142) @ 6015000: uvm_test_top.env.scoreboard [SB] [PASS #6] DQ khop: expected=0xf5 actual=0xf5 | CRC_ref=0x55
# UVM_INFO ../tb/ddr5_scoreboard.sv(142) @ 7175000: uvm_test_top.env.scoreboard [SB] [PASS #7] DQ khop: expected=0x61 actual=0x61 | CRC_ref=0x1d
# UVM_INFO ../tb/ddr5_scoreboard.sv(142) @ 8335000: uvm_test_top.env.scoreboard [SB] [PASS #8] DQ khop: expected=0xc2 actual=0xc2 | CRC_ref=0x3a
# UVM_INFO ../tb/ddr5_scoreboard.sv(142) @ 9495000: uvm_test_top.env.scoreboard [SB] [PASS #9] DQ khop: expected=0x29 actual=0x29 | CRC_ref=0xee
# UVM_INFO ../tb/ddr5_scoreboard.sv(142) @ 10655000: uvm_test_top.env.scoreboard [SB] [PASS #10] DQ khop: expected=0x37 actual=0x37 | CRC_ref=0x6f
# UVM_INFO ../tb/ddr5_scoreboard.sv(142) @ 11815000: uvm_test_top.env.scoreboard [SB] [PASS #11] DQ khop: expected=0x00 actual=0x00 | CRC_ref=0x00
# UVM_INFO ../tb/ddr5_scoreboard.sv(142) @ 12975000: uvm_test_top.env.scoreboard [SB] [PASS #12] DQ khop: expected=0xff actual=0xff | CRC_ref=0xd7
# UVM_INFO ../tb/ddr5_scoreboard.sv(142) @ 14135000: uvm_test_top.env.scoreboard [SB] [PASS #13] DQ khop: expected=0x7f actual=0x7f | CRC_ref=0x9c
# UVM_INFO ../tb/ddr5_scoreboard.sv(142) @ 15295000: uvm_test_top.env.scoreboard [SB] [PASS #14] DQ khop: expected=0x80 actual=0x80 | CRC_ref=0x4b
# UVM_INFO ../tb/ddr5_scoreboard.sv(142) @ 16455000: uvm_test_top.env.scoreboard [SB] [PASS #15] DQ khop: expected=0x3c actual=0x3c | CRC_ref=0x05
# UVM_INFO ../tb/ddr5_scoreboard.sv(142) @ 17615000: uvm_test_top.env.scoreboard [SB] [PASS #16] DQ khop: expected=0xa5 actual=0xa5 | CRC_ref=0x59
# UVM_INFO ../tb/ddr5_scoreboard.sv(142) @ 18775000: uvm_test_top.env.scoreboard [SB] [PASS #17] DQ khop: expected=0x77 actual=0x77 | CRC_ref=0xc9
# UVM_INFO ../tb/ddr5_scoreboard.sv(142) @ 19935000: uvm_test_top.env.scoreboard [SB] [PASS #18] DQ khop: expected=0x55 actual=0x55 | CRC_ref=0x4d
# UVM_INFO ../tb/ddr5_scoreboard.sv(142) @ 21095000: uvm_test_top.env.scoreboard [SB] [PASS #19] DQ khop: expected=0xa5 actual=0xa5 | CRC_ref=0x59
# UVM_INFO ../tb/ddr5_scoreboard.sv(142) @ 22255000: uvm_test_top.env.scoreboard [SB] [PASS #20] DQ khop: expected=0xc3 actual=0xc3 | CRC_ref=0xd2
# UVM_INFO ../tb/ddr5_scoreboard.sv(160) @ 23350000: uvm_test_top.env.scoreboard [SB]   PASS            : 20
# UVM_INFO ../tb/ddr5_scoreboard.sv(161) @ 23350000: uvm_test_top.env.scoreboard [SB]   FAIL            : 0
# UVM_INFO ../tb/ddr5_scoreboard.sv(164) @ 23350000: uvm_test_top.env.scoreboard [SB] >>> TEST PASSED <<<
# ** Report counts by severity
# UVM_ERROR :    0
# UVM_FATAL :    0
# ** Report counts by id
make[1]: Leaving directory '/e/tostudy/learned/HK10/Do An Tot Nghiep/practices/ddr5_phy_uvm/sim'
make sim TEST=ddr5_masked_write_test
make[1]: Entering directory '/e/tostudy/learned/HK10/Do An Tot Nghiep/practices/ddr5_phy_uvm/sim'
vsim -t 1ps \
    -suppress 3009 \
    -c \
    +UVM_TESTNAME=ddr5_masked_write_test \
    +UVM_VERBOSITY=UVM_MEDIUM \
    -do "run -all; quit -f;" \
    tb_top \
    | tee ddr5_masked_write_test.log
Reading E:/ProgramFiles/Questasim/tcl/vsim/pref.tcl

# 10.2c

# vsim +UVM_TESTNAME=ddr5_masked_write_test +UVM_VERBOSITY=UVM_MEDIUM -do {run -all; quit -f;} -c -suppress 3009 -t 1ps tb_top
# //  Questa Sim-64
# //  Version 10.2c Unknown Platform Jul 19 2013
# //
# //  Copyright 1991-2013 Mentor Graphics Corporation
# //  All Rights Reserved.
# //
# //  THIS WORK CONTAINS TRADE SECRET AND PROPRIETARY INFORMATION
# //  WHICH IS THE PROPERTY OF MENTOR GRAPHICS CORPORATION OR ITS
# //  LICENSORS AND IS SUBJECT TO LICENSE TERMS.
# //
# Loading sv_std.std
# Loading mtiUvm.uvm_pkg
# Loading work.tb_pkg(fast)
# Loading work.tb_top_sv_unit(fast)
# Loading work.tb_top(fast)
# Loading work.ddr5_phy_if(fast)
# Loading mtiUvm.questa_uvm_pkg(fast)
# Loading E:/ProgramFiles/Questasim/uvm-1.1d\win64\uvm_dpi.dll
# run -all
# ----------------------------------------------------------------
# UVM-1.1d
# (C) 2007-2013 Mentor Graphics Corporation
# (C) 2007-2013 Cadence Design Systems, Inc.
# (C) 2006-2013 Synopsys, Inc.
# (C) 2011-2013 Cypress Semiconductor Corp.
# ----------------------------------------------------------------
#
#   ***********       IMPORTANT RELEASE NOTES         ************
#
#   You are using a version of the UVM library that has been compiled
#   with `UVM_NO_DEPRECATED undefined.
#   See http://www.eda.org/svdb/view.php?id=3313 for more details.
#
#   You are using a version of the UVM library that has been compiled
#   with `UVM_OBJECT_MUST_HAVE_CONSTRUCTOR undefined.
#   See http://www.eda.org/svdb/view.php?id=3770 for more details.
#
#       (Specify +UVM_NO_RELNOTES to turn off this notice)
#
# UVM_INFO verilog_src/questa_uvm_pkg-1.2/src/questa_uvm_pkg.sv(215) @ 0: reporter [Questa UVM] QUESTA_UVM-1.2.2
# UVM_INFO verilog_src/questa_uvm_pkg-1.2/src/questa_uvm_pkg.sv(217) @ 0: reporter [Questa UVM]  questa_uvm::init(+struct)
# UVM_INFO @ 0: reporter [RNTST] Running test ddr5_masked_write_test...
# UVM_INFO ../tb/ddr5_tests.sv(197) @ 0: uvm_test_top.env.mc_agent.sequencer@@seq [SEQ] ▒▒▒▒t ▒▒▒▒▒u: Masked Write
# UVM_INFO ../tb/ddr5_mc_driver.sv(66) @ 100000: uvm_test_top.env.mc_agent.driver [DRV] Reset hoan tat, DUT san sang
# UVM_INFO ../tb/ddr5_mc_driver.sv(23) @ 100000: uvm_test_top.env.mc_agent.driver [DRV] Drive: WRITE: rank=0 bg=x bk=x row=0xxxxxx col=0xxxx | DATA[p0=xx p1=ab p2=xx p3=cd] MASK[1010]
# UVM_INFO ../tb/ddr5_mc_monitor.sv(40) @ 135000: uvm_test_top.env.mc_agent.monitor [MC_MON] Captured WRITE: WRITE: rank=0 bg=x bk=x row=0xxxxxx col=0xxxx | DATA[p0=xx p1=ab p2=xx p3=cd] MASK[1000]
# UVM_INFO ../tb/ddr5_coverage.sv(74) @ 135000: uvm_test_top.env.coverage [COV] Sample tx: rank=0 data_p0=0xxx mask=1 | W=25.0% F=41.7% M=41.7%
# UVM_INFO ../tb/ddr5_scoreboard.sv(121) @ 135000: uvm_test_top.env.scoreboard [SB] [MC] Nhan tx #1: WRITE: rank=0 bg=x bk=x row=0xxxxxx col=0xxxx | DATA[p0=xx p1=ab p2=xx p3=cd] MASK[1000]
# UVM_INFO ../tb/ddr5_scoreboard.sv(122) @ 135000: uvm_test_top.env.scoreboard [SB] [CRC_REF] data=0xxx -> CRC-8 = 0xxx
# UVM_INFO ../tb/ddr5_scoreboard.sv(142) @ 215000: uvm_test_top.env.scoreboard [SB] [PASS #1] DQ khop: expected=0xxx actual=0xxx | CRC_ref=0xxx
# UVM_INFO ../tb/ddr5_mc_driver.sv(134) @ 1260000: uvm_test_top.env.mc_agent.driver [DRV] drive_write hoan tat
# UVM_INFO ../tb/ddr5_mc_driver.sv(23) @ 1260000: uvm_test_top.env.mc_agent.driver [DRV] Drive: WRITE: rank=0 bg=x bk=x row=0xxxxxx col=0xxxx | DATA[p0=11 p1=22 p2=33 p3=44] MASK[0101]
# UVM_INFO ../tb/ddr5_mc_monitor.sv(40) @ 1295000: uvm_test_top.env.mc_agent.monitor [MC_MON] Captured WRITE: WRITE: rank=0 bg=x bk=x row=0xxxxxx col=0xxxx | DATA[p0=11 p1=22 p2=33 p3=44] MASK[0000]
# UVM_INFO ../tb/ddr5_coverage.sv(74) @ 1295000: uvm_test_top.env.coverage [COV] Sample tx: rank=0 data_p0=0x11 mask=0 | W=47.5% F=66.7% M=66.7%
# UVM_INFO ../tb/ddr5_scoreboard.sv(121) @ 1295000: uvm_test_top.env.scoreboard [SB] [MC] Nhan tx #2: WRITE: rank=0 bg=x bk=x row=0xxxxxx col=0xxxx | DATA[p0=11 p1=22 p2=33 p3=44] MASK[0000]
# UVM_INFO ../tb/ddr5_scoreboard.sv(122) @ 1295000: uvm_test_top.env.scoreboard [SB] [CRC_REF] data=0x11 -> CRC-8 = 0x42
# UVM_INFO ../tb/ddr5_scoreboard.sv(142) @ 1375000: uvm_test_top.env.scoreboard [SB] [PASS #2] DQ khop: expected=0x11 actual=0x11 | CRC_ref=0x42
# UVM_INFO ../tb/ddr5_mc_driver.sv(134) @ 2420000: uvm_test_top.env.mc_agent.driver [DRV] drive_write hoan tat
# UVM_INFO ../tb/ddr5_mc_driver.sv(23) @ 2420000: uvm_test_top.env.mc_agent.driver [DRV] Drive: WRITE: rank=1 bg=x bk=x row=0xxxxxx col=0xxxx | DATA[p0=55 p1=66 p2=77 p3=88] MASK[1100]
# UVM_INFO ../tb/ddr5_mc_monitor.sv(40) @ 2455000: uvm_test_top.env.mc_agent.monitor [MC_MON] Captured WRITE: WRITE: rank=1 bg=x bk=x row=0xxxxxx col=0xxxx | DATA[p0=55 p1=66 p2=77 p3=88] MASK[1000]
# UVM_INFO ../tb/ddr5_coverage.sv(74) @ 2455000: uvm_test_top.env.coverage [COV] Sample tx: rank=1 data_p0=0x55 mask=1 | W=65.0% F=91.7% M=91.7%
# UVM_INFO ../tb/ddr5_scoreboard.sv(121) @ 2455000: uvm_test_top.env.scoreboard [SB] [MC] Nhan tx #3: WRITE: rank=1 bg=x bk=x row=0xxxxxx col=0xxxx | DATA[p0=55 p1=66 p2=77 p3=88] MASK[1000]
# UVM_INFO ../tb/ddr5_scoreboard.sv(122) @ 2455000: uvm_test_top.env.scoreboard [SB] [CRC_REF] data=0x55 -> CRC-8 = 0x4d
# UVM_INFO ../tb/ddr5_scoreboard.sv(142) @ 2535000: uvm_test_top.env.scoreboard [SB] [PASS #3] DQ khop: expected=0x55 actual=0x55 | CRC_ref=0x4d
# UVM_INFO ../tb/ddr5_mc_driver.sv(134) @ 3580000: uvm_test_top.env.mc_agent.driver [DRV] drive_write hoan tat
# UVM_INFO ../tb/ddr5_mc_driver.sv(23) @ 3580000: uvm_test_top.env.mc_agent.driver [DRV] Drive: WRITE: rank=1 bg=x bk=x row=0xxxxxx col=0xxxx | DATA[p0=99 p1=aa p2=bb p3=cc] MASK[0011]
# UVM_INFO ../tb/ddr5_mc_monitor.sv(40) @ 3615000: uvm_test_top.env.mc_agent.monitor [MC_MON] Captured WRITE: WRITE: rank=1 bg=x bk=x row=0xxxxxx col=0xxxx | DATA[p0=99 p1=aa p2=bb p3=cc] MASK[0000]
# UVM_INFO ../tb/ddr5_coverage.sv(74) @ 3615000: uvm_test_top.env.coverage [COV] Sample tx: rank=1 data_p0=0x99 mask=0 | W=77.5% F=100.0% M=100.0%
# UVM_INFO ../tb/ddr5_scoreboard.sv(121) @ 3615000: uvm_test_top.env.scoreboard [SB] [MC] Nhan tx #4: WRITE: rank=1 bg=x bk=x row=0xxxxxx col=0xxxx | DATA[p0=99 p1=aa p2=bb p3=cc] MASK[0000]
# UVM_INFO ../tb/ddr5_scoreboard.sv(122) @ 3615000: uvm_test_top.env.scoreboard [SB] [CRC_REF] data=0x99 -> CRC-8 = 0x5c
# UVM_INFO ../tb/ddr5_scoreboard.sv(142) @ 3695000: uvm_test_top.env.scoreboard [SB] [PASS #4] DQ khop: expected=0x99 actual=0x99 | CRC_ref=0x5c
# UVM_INFO ../tb/ddr5_mc_driver.sv(134) @ 4740000: uvm_test_top.env.mc_agent.driver [DRV] drive_write hoan tat
# UVM_INFO ../tb/ddr5_mc_driver.sv(23) @ 4740000: uvm_test_top.env.mc_agent.driver [DRV] Drive: WRITE: rank=1 bg=x bk=x row=0xxxxxx col=0xxxx | DATA[p0=12 p1=34 p2=56 p3=78] MASK[1010]
# UVM_INFO ../tb/ddr5_mc_monitor.sv(40) @ 4775000: uvm_test_top.env.mc_agent.monitor [MC_MON] Captured WRITE: WRITE: rank=1 bg=x bk=x row=0xxxxxx col=0xxxx | DATA[p0=12 p1=34 p2=56 p3=78] MASK[1000]
# UVM_INFO ../tb/ddr5_coverage.sv(74) @ 4775000: uvm_test_top.env.coverage [COV] Sample tx: rank=1 data_p0=0x12 mask=1 | W=77.5% F=100.0% M=100.0%
# UVM_INFO ../tb/ddr5_scoreboard.sv(121) @ 4775000: uvm_test_top.env.scoreboard [SB] [MC] Nhan tx #5: WRITE: rank=1 bg=x bk=x row=0xxxxxx col=0xxxx | DATA[p0=12 p1=34 p2=56 p3=78] MASK[1000]
# UVM_INFO ../tb/ddr5_scoreboard.sv(122) @ 4775000: uvm_test_top.env.scoreboard [SB] [CRC_REF] data=0x12 -> CRC-8 = 0x7d
# UVM_INFO ../tb/ddr5_scoreboard.sv(142) @ 4855000: uvm_test_top.env.scoreboard [SB] [PASS #5] DQ khop: expected=0x12 actual=0x12 | CRC_ref=0x7d
# UVM_INFO ../tb/ddr5_mc_driver.sv(134) @ 5900000: uvm_test_top.env.mc_agent.driver [DRV] drive_write hoan tat
# UVM_INFO ../tb/ddr5_mc_driver.sv(23) @ 5900000: uvm_test_top.env.mc_agent.driver [DRV] Drive: WRITE: rank=0 bg=x bk=x row=0xxxxxx col=0xxxx | DATA[p0=00 p1=00 p2=00 p3=00] MASK[0000]
# UVM_INFO ../tb/ddr5_mc_monitor.sv(40) @ 5935000: uvm_test_top.env.mc_agent.monitor [MC_MON] Captured WRITE: WRITE: rank=0 bg=x bk=x row=0xxxxxx col=0xxxx | DATA[p0=00 p1=00 p2=00 p3=00] MASK[0000]
# UVM_INFO ../tb/ddr5_coverage.sv(74) @ 5935000: uvm_test_top.env.coverage [COV] Sample tx: rank=0 data_p0=0x00 mask=0 | W=85.0% F=100.0% M=100.0%
# UVM_INFO ../tb/ddr5_scoreboard.sv(121) @ 5935000: uvm_test_top.env.scoreboard [SB] [MC] Nhan tx #6: WRITE: rank=0 bg=x bk=x row=0xxxxxx col=0xxxx | DATA[p0=00 p1=00 p2=00 p3=00] MASK[0000]
# UVM_INFO ../tb/ddr5_scoreboard.sv(122) @ 5935000: uvm_test_top.env.scoreboard [SB] [CRC_REF] data=0x00 -> CRC-8 = 0x00
# UVM_INFO ../tb/ddr5_scoreboard.sv(142) @ 6015000: uvm_test_top.env.scoreboard [SB] [PASS #6] DQ khop: expected=0x00 actual=0x00 | CRC_ref=0x00
# UVM_INFO ../tb/ddr5_mc_driver.sv(134) @ 7060000: uvm_test_top.env.mc_agent.driver [DRV] drive_write hoan tat
# UVM_INFO ../tb/ddr5_mc_driver.sv(23) @ 7060000: uvm_test_top.env.mc_agent.driver [DRV] Drive: WRITE: rank=1 bg=x bk=x row=0xxxxxx col=0xxxx | DATA[p0=3c p1=3c p2=3c p3=3c] MASK[0000]
# UVM_INFO ../tb/ddr5_mc_monitor.sv(40) @ 7095000: uvm_test_top.env.mc_agent.monitor [MC_MON] Captured WRITE: WRITE: rank=1 bg=x bk=x row=0xxxxxx col=0xxxx | DATA[p0=3c p1=3c p2=3c p3=3c] MASK[0000]
# UVM_INFO ../tb/ddr5_coverage.sv(74) @ 7095000: uvm_test_top.env.coverage [COV] Sample tx: rank=1 data_p0=0x3c mask=0 | W=85.0% F=100.0% M=100.0%
# UVM_INFO ../tb/ddr5_scoreboard.sv(121) @ 7095000: uvm_test_top.env.scoreboard [SB] [MC] Nhan tx #7: WRITE: rank=1 bg=x bk=x row=0xxxxxx col=0xxxx | DATA[p0=3c p1=3c p2=3c p3=3c] MASK[0000]
# UVM_INFO ../tb/ddr5_scoreboard.sv(122) @ 7095000: uvm_test_top.env.scoreboard [SB] [CRC_REF] data=0x3c -> CRC-8 = 0x05
# UVM_INFO ../tb/ddr5_scoreboard.sv(142) @ 7175000: uvm_test_top.env.scoreboard [SB] [PASS #7] DQ khop: expected=0x3c actual=0x3c | CRC_ref=0x05
# UVM_INFO ../tb/ddr5_mc_driver.sv(134) @ 8220000: uvm_test_top.env.mc_agent.driver [DRV] drive_write hoan tat
# UVM_INFO ../tb/ddr5_mc_driver.sv(23) @ 8220000: uvm_test_top.env.mc_agent.driver [DRV] Drive: WRITE: rank=0 bg=x bk=x row=0xxxxxx col=0xxxx | DATA[p0=0f p1=f0 p2=0f p3=f0] MASK[1010]
# UVM_INFO ../tb/ddr5_mc_monitor.sv(40) @ 8255000: uvm_test_top.env.mc_agent.monitor [MC_MON] Captured WRITE: WRITE: rank=0 bg=x bk=x row=0xxxxxx col=0xxxx | DATA[p0=0f p1=f0 p2=0f p3=f0] MASK[1000]
# UVM_INFO ../tb/ddr5_coverage.sv(74) @ 8255000: uvm_test_top.env.coverage [COV] Sample tx: rank=0 data_p0=0x0f mask=1 | W=85.0% F=100.0% M=100.0%
# UVM_INFO ../tb/ddr5_scoreboard.sv(121) @ 8255000: uvm_test_top.env.scoreboard [SB] [MC] Nhan tx #8: WRITE: rank=0 bg=x bk=x row=0xxxxxx col=0xxxx | DATA[p0=0f p1=f0 p2=0f p3=f0] MASK[1000]
# UVM_INFO ../tb/ddr5_scoreboard.sv(122) @ 8255000: uvm_test_top.env.scoreboard [SB] [CRC_REF] data=0x0f -> CRC-8 = 0xc3
# UVM_INFO ../tb/ddr5_scoreboard.sv(142) @ 8335000: uvm_test_top.env.scoreboard [SB] [PASS #8] DQ khop: expected=0x0f actual=0x0f | CRC_ref=0xc3
# UVM_INFO ../tb/ddr5_mc_driver.sv(134) @ 9380000: uvm_test_top.env.mc_agent.driver [DRV] drive_write hoan tat
# UVM_INFO ../tb/ddr5_tests.sv(226) @ 9380000: uvm_test_top.env.mc_agent.sequencer@@seq [SEQ] Ho▒▒n ▒▒▒▒nh: Masked Write
# UVM_INFO verilog_src/uvm-1.1d/src/base/uvm_objection.svh(1268) @ 9480000: reporter [TEST_DONE] 'run' phase is ready to proceed to the 'extract' phase
# UVM_INFO ../tb/ddr5_coverage.sv(79) @ 9480000: uvm_test_top.env.coverage [COV] ============================================
# UVM_INFO ../tb/ddr5_coverage.sv(80) @ 9480000: uvm_test_top.env.coverage [COV]          BAO CAO FUNCTIONAL COVERAGE
# UVM_INFO ../tb/ddr5_coverage.sv(81) @ 9480000: uvm_test_top.env.coverage [COV] ============================================
# UVM_INFO ../tb/ddr5_coverage.sv(82) @ 9480000: uvm_test_top.env.coverage [COV]   Write coverage     : 85.00%
# UVM_INFO ../tb/ddr5_coverage.sv(83) @ 9480000: uvm_test_top.env.coverage [COV]   FSM coverage       : 100.00%
# UVM_INFO ../tb/ddr5_coverage.sv(84) @ 9480000: uvm_test_top.env.coverage [COV]   Mask coverage      : 100.00%
# UVM_INFO ../tb/ddr5_coverage.sv(85) @ 9480000: uvm_test_top.env.coverage [COV] --------------------------------------------
# UVM_INFO ../tb/ddr5_coverage.sv(86) @ 9480000: uvm_test_top.env.coverage [COV]   cp_rank            : 100.00%
# UVM_INFO ../tb/ddr5_coverage.sv(87) @ 9480000: uvm_test_top.env.coverage [COV]   cp_wrdata_p0       : 75.00%
# UVM_INFO ../tb/ddr5_coverage.sv(88) @ 9480000: uvm_test_top.env.coverage [COV]   cp_mask            : 100.00%
# UVM_INFO ../tb/ddr5_coverage.sv(89) @ 9480000: uvm_test_top.env.coverage [COV]   cx_rank_x_data     : 50.00%
# UVM_INFO ../tb/ddr5_coverage.sv(90) @ 9480000: uvm_test_top.env.coverage [COV]   cx_rank_x_mask     : 100.00%
# UVM_INFO ../tb/ddr5_coverage.sv(91) @ 9480000: uvm_test_top.env.coverage [COV] ============================================
# UVM_INFO ../tb/ddr5_coverage.sv(98) @ 9480000: uvm_test_top.env.coverage [COV] Coverage >= 80% - Dat muc chap nhan duoc
# UVM_INFO ../tb/ddr5_dram_monitor.sv(90) @ 9480000: uvm_test_top.env.dram_agent.monitor [DRAM_MON] Tong so cycle DQ_valid = 104
# UVM_INFO ../tb/ddr5_scoreboard.sv(156) @ 9480000: uvm_test_top.env.scoreboard [SB] ============================================
# UVM_INFO ../tb/ddr5_scoreboard.sv(157) @ 9480000: uvm_test_top.env.scoreboard [SB]          KET QUA XAC MINH
# UVM_INFO ../tb/ddr5_scoreboard.sv(158) @ 9480000: uvm_test_top.env.scoreboard [SB] ============================================
# UVM_INFO ../tb/ddr5_scoreboard.sv(159) @ 9480000: uvm_test_top.env.scoreboard [SB]   Tong giao dich  : 8
# UVM_INFO ../tb/ddr5_scoreboard.sv(160) @ 9480000: uvm_test_top.env.scoreboard [SB]   PASS            : 8
# UVM_INFO ../tb/ddr5_scoreboard.sv(161) @ 9480000: uvm_test_top.env.scoreboard [SB]   FAIL            : 0
# UVM_INFO ../tb/ddr5_scoreboard.sv(162) @ 9480000: uvm_test_top.env.scoreboard [SB] ============================================
# UVM_INFO ../tb/ddr5_scoreboard.sv(164) @ 9480000: uvm_test_top.env.scoreboard [SB] >>> TEST PASSED <<<
#
# --- UVM Report Summary ---
#
# ** Report counts by severity
# UVM_INFO :   86
# UVM_WARNING :    0
# UVM_ERROR :    0
# UVM_FATAL :    0
# ** Report counts by id
# [COV]    22
# [DRAM_MON]     1
# [DRV]    17
# [MC_MON]     8
# [Questa UVM]     2
# [RNTST]     1
# [SB]    32
# [SEQ]     2
# [TEST_DONE]     1
# ** Note: $finish    : E:/ProgramFiles/Questasim/win64/../verilog_src/uvm-1.1d/src/base/uvm_root.svh(430)
#    Time: 9480 ns  Iteration: 54  Instance: /tb_top

=== Log da luu vao: ddr5_masked_write_test.log ===
# UVM_INFO ../tb/ddr5_scoreboard.sv(142) @ 215000: uvm_test_top.env.scoreboard [SB] [PASS #1] DQ khop: expected=0xxx actual=0xxx | CRC_ref=0xxx
# UVM_INFO ../tb/ddr5_scoreboard.sv(142) @ 1375000: uvm_test_top.env.scoreboard [SB] [PASS #2] DQ khop: expected=0x11 actual=0x11 | CRC_ref=0x42
# UVM_INFO ../tb/ddr5_scoreboard.sv(142) @ 2535000: uvm_test_top.env.scoreboard [SB] [PASS #3] DQ khop: expected=0x55 actual=0x55 | CRC_ref=0x4d
# UVM_INFO ../tb/ddr5_scoreboard.sv(142) @ 3695000: uvm_test_top.env.scoreboard [SB] [PASS #4] DQ khop: expected=0x99 actual=0x99 | CRC_ref=0x5c
# UVM_INFO ../tb/ddr5_scoreboard.sv(142) @ 4855000: uvm_test_top.env.scoreboard [SB] [PASS #5] DQ khop: expected=0x12 actual=0x12 | CRC_ref=0x7d
# UVM_INFO ../tb/ddr5_scoreboard.sv(142) @ 6015000: uvm_test_top.env.scoreboard [SB] [PASS #6] DQ khop: expected=0x00 actual=0x00 | CRC_ref=0x00
# UVM_INFO ../tb/ddr5_scoreboard.sv(142) @ 7175000: uvm_test_top.env.scoreboard [SB] [PASS #7] DQ khop: expected=0x3c actual=0x3c | CRC_ref=0x05
# UVM_INFO ../tb/ddr5_scoreboard.sv(142) @ 8335000: uvm_test_top.env.scoreboard [SB] [PASS #8] DQ khop: expected=0x0f actual=0x0f | CRC_ref=0xc3
# UVM_INFO ../tb/ddr5_scoreboard.sv(160) @ 9480000: uvm_test_top.env.scoreboard [SB]   PASS            : 8
# UVM_INFO ../tb/ddr5_scoreboard.sv(161) @ 9480000: uvm_test_top.env.scoreboard [SB]   FAIL            : 0
# UVM_INFO ../tb/ddr5_scoreboard.sv(164) @ 9480000: uvm_test_top.env.scoreboard [SB] >>> TEST PASSED <<<
# ** Report counts by severity
# UVM_ERROR :    0
# UVM_FATAL :    0
# ** Report counts by id
make[1]: Leaving directory '/e/tostudy/learned/HK10/Do An Tot Nghiep/practices/ddr5_phy_uvm/sim'
make sim TEST=ddr5_mrw_timing_test
make[1]: Entering directory '/e/tostudy/learned/HK10/Do An Tot Nghiep/practices/ddr5_phy_uvm/sim'
vsim -t 1ps \
    -suppress 3009 \
    -c \
    +UVM_TESTNAME=ddr5_mrw_timing_test \
    +UVM_VERBOSITY=UVM_MEDIUM \
    -do "run -all; quit -f;" \
    tb_top \
    | tee ddr5_mrw_timing_test.log
Reading E:/ProgramFiles/Questasim/tcl/vsim/pref.tcl

# 10.2c

# vsim +UVM_TESTNAME=ddr5_mrw_timing_test +UVM_VERBOSITY=UVM_MEDIUM -do {run -all; quit -f;} -c -suppress 3009 -t 1ps tb_top
# //  Questa Sim-64
# //  Version 10.2c Unknown Platform Jul 19 2013
# //
# //  Copyright 1991-2013 Mentor Graphics Corporation
# //  All Rights Reserved.
# //
# //  THIS WORK CONTAINS TRADE SECRET AND PROPRIETARY INFORMATION
# //  WHICH IS THE PROPERTY OF MENTOR GRAPHICS CORPORATION OR ITS
# //  LICENSORS AND IS SUBJECT TO LICENSE TERMS.
# //
# Loading sv_std.std
# Loading mtiUvm.uvm_pkg
# Loading work.tb_pkg(fast)
# Loading work.tb_top_sv_unit(fast)
# Loading work.tb_top(fast)
# Loading work.ddr5_phy_if(fast)
# Loading mtiUvm.questa_uvm_pkg(fast)
# Loading E:/ProgramFiles/Questasim/uvm-1.1d\win64\uvm_dpi.dll
# run -all
# ----------------------------------------------------------------
# UVM-1.1d
# (C) 2007-2013 Mentor Graphics Corporation
# (C) 2007-2013 Cadence Design Systems, Inc.
# (C) 2006-2013 Synopsys, Inc.
# (C) 2011-2013 Cypress Semiconductor Corp.
# ----------------------------------------------------------------
#
#   ***********       IMPORTANT RELEASE NOTES         ************
#
#   You are using a version of the UVM library that has been compiled
#   with `UVM_NO_DEPRECATED undefined.
#   See http://www.eda.org/svdb/view.php?id=3313 for more details.
#
#   You are using a version of the UVM library that has been compiled
#   with `UVM_OBJECT_MUST_HAVE_CONSTRUCTOR undefined.
#   See http://www.eda.org/svdb/view.php?id=3770 for more details.
#
#       (Specify +UVM_NO_RELNOTES to turn off this notice)
#
# UVM_INFO verilog_src/questa_uvm_pkg-1.2/src/questa_uvm_pkg.sv(215) @ 0: reporter [Questa UVM] QUESTA_UVM-1.2.2
# UVM_INFO verilog_src/questa_uvm_pkg-1.2/src/questa_uvm_pkg.sv(217) @ 0: reporter [Questa UVM]  questa_uvm::init(+struct)
# UVM_INFO @ 0: reporter [RNTST] Running test ddr5_mrw_timing_test...
# UVM_INFO ../tb/ddr5_tests.sv(242) @ 0: uvm_test_top.env.mc_agent.sequencer@@seq [SEQ] ▒▒▒▒▒▒▒▒▒▒▒u: MRW + Timing Sequence
# UVM_INFO ../tb/ddr5_mc_driver.sv(66) @ 100000: uvm_test_top.env.mc_agent.driver [DRV] Reset hoan tat, DUT san sang
# UVM_INFO ../tb/ddr5_mc_driver.sv(23) @ 100000: uvm_test_top.env.mc_agent.driver [DRV] Drive: MRW: rank=0 addr=0x00 op=0x01 idle=16
# UVM_INFO ../tb/ddr5_mc_driver.sv(95) @ 290000: uvm_test_top.env.mc_agent.driver [DRV] drive_mrw hoan tat (rank=0 MR  0 op=0x01)
# UVM_INFO ../tb/ddr5_mc_driver.sv(23) @ 290000: uvm_test_top.env.mc_agent.driver [DRV] Drive: WRITE: rank=0 bg=x bk=x row=0xxxxxx col=0xxxx | DATA[p0=12 p1=34 p2=56 p3=78] MASK[0000]
# UVM_INFO ../tb/ddr5_mc_monitor.sv(40) @ 325000: uvm_test_top.env.mc_agent.monitor [MC_MON] Captured WRITE: WRITE: rank=0 bg=x bk=x row=0xxxxxx col=0xxxx | DATA[p0=12 p1=34 p2=56 p3=78] MASK[0000]
# UVM_INFO ../tb/ddr5_coverage.sv(74) @ 325000: uvm_test_top.env.coverage [COV] Sample tx: rank=0 data_p0=0x12 mask=0 | W=32.5% F=41.7% M=41.7%
# UVM_INFO ../tb/ddr5_scoreboard.sv(121) @ 325000: uvm_test_top.env.scoreboard [SB] [MC] Nhan tx #1: WRITE: rank=0 bg=x bk=x row=0xxxxxx col=0xxxx | DATA[p0=12 p1=34 p2=56 p3=78] MASK[0000]
# UVM_INFO ../tb/ddr5_scoreboard.sv(122) @ 325000: uvm_test_top.env.scoreboard [SB] [CRC_REF] data=0x12 -> CRC-8 = 0x7d
# UVM_INFO ../tb/ddr5_scoreboard.sv(142) @ 405000: uvm_test_top.env.scoreboard [SB] [PASS #1] DQ khop: expected=0x12 actual=0x12 | CRC_ref=0x7d
# UVM_INFO ../tb/ddr5_mc_driver.sv(134) @ 1450000: uvm_test_top.env.mc_agent.driver [DRV] drive_write hoan tat
# UVM_INFO ../tb/ddr5_mc_driver.sv(23) @ 1450000: uvm_test_top.env.mc_agent.driver [DRV] Drive: MRW: rank=1 addr=0x08 op=0x88 idle=20
# UVM_INFO ../tb/ddr5_mc_driver.sv(95) @ 1680000: uvm_test_top.env.mc_agent.driver [DRV] drive_mrw hoan tat (rank=1 MR  8 op=0x88)
# UVM_INFO ../tb/ddr5_mc_driver.sv(23) @ 1680000: uvm_test_top.env.mc_agent.driver [DRV] Drive: WRITE: rank=1 bg=x bk=x row=0xxxxxx col=0xxxx | DATA[p0=de p1=ad p2=be p3=ef] MASK[0000]
# UVM_INFO ../tb/ddr5_mc_monitor.sv(40) @ 1715000: uvm_test_top.env.mc_agent.monitor [MC_MON] Captured WRITE: WRITE: rank=1 bg=x bk=x row=0xxxxxx col=0xxxx | DATA[p0=de p1=ad p2=be p3=ef] MASK[0000]
# UVM_INFO ../tb/ddr5_coverage.sv(74) @ 1715000: uvm_test_top.env.coverage [COV] Sample tx: rank=1 data_p0=0xde mask=0 | W=55.0% F=66.7% M=66.7%
# UVM_INFO ../tb/ddr5_scoreboard.sv(121) @ 1715000: uvm_test_top.env.scoreboard [SB] [MC] Nhan tx #2: WRITE: rank=1 bg=x bk=x row=0xxxxxx col=0xxxx | DATA[p0=de p1=ad p2=be p3=ef] MASK[0000]
# UVM_INFO ../tb/ddr5_scoreboard.sv(122) @ 1715000: uvm_test_top.env.scoreboard [SB] [CRC_REF] data=0xde -> CRC-8 = 0x6c
# UVM_INFO ../tb/ddr5_scoreboard.sv(142) @ 1795000: uvm_test_top.env.scoreboard [SB] [PASS #2] DQ khop: expected=0xde actual=0xde | CRC_ref=0x6c
# UVM_INFO ../tb/ddr5_mc_driver.sv(134) @ 2840000: uvm_test_top.env.mc_agent.driver [DRV] drive_write hoan tat
# UVM_INFO ../tb/ddr5_mc_driver.sv(23) @ 2840000: uvm_test_top.env.mc_agent.driver [DRV] Drive: WRITE: rank=0 bg=x bk=x row=0xxxxxx col=0xxxx | DATA[p0=00 p1=00 p2=00 p3=00] MASK[0000]
# UVM_INFO ../tb/ddr5_mc_monitor.sv(40) @ 2875000: uvm_test_top.env.mc_agent.monitor [MC_MON] Captured WRITE: WRITE: rank=0 bg=x bk=x row=0xxxxxx col=0xxxx | DATA[p0=00 p1=00 p2=00 p3=00] MASK[0000]
# UVM_INFO ../tb/ddr5_coverage.sv(74) @ 2875000: uvm_test_top.env.coverage [COV] Sample tx: rank=0 data_p0=0x00 mask=0 | W=62.5% F=66.7% M=66.7%
# UVM_INFO ../tb/ddr5_scoreboard.sv(121) @ 2875000: uvm_test_top.env.scoreboard [SB] [MC] Nhan tx #3: WRITE: rank=0 bg=x bk=x row=0xxxxxx col=0xxxx | DATA[p0=00 p1=00 p2=00 p3=00] MASK[0000]
# UVM_INFO ../tb/ddr5_scoreboard.sv(122) @ 2875000: uvm_test_top.env.scoreboard [SB] [CRC_REF] data=0x00 -> CRC-8 = 0x00
# UVM_INFO ../tb/ddr5_scoreboard.sv(142) @ 2955000: uvm_test_top.env.scoreboard [SB] [PASS #3] DQ khop: expected=0x00 actual=0x00 | CRC_ref=0x00
# UVM_INFO ../tb/ddr5_mc_driver.sv(134) @ 4000000: uvm_test_top.env.mc_agent.driver [DRV] drive_write hoan tat
# UVM_INFO ../tb/ddr5_mc_driver.sv(23) @ 4000000: uvm_test_top.env.mc_agent.driver [DRV] Drive: WRITE: rank=1 bg=x bk=x row=0xxxxxx col=0xxxx | DATA[p0=ff p1=ff p2=ff p3=ff] MASK[0000]
# UVM_INFO ../tb/ddr5_mc_monitor.sv(40) @ 4035000: uvm_test_top.env.mc_agent.monitor [MC_MON] Captured WRITE: WRITE: rank=1 bg=x bk=x row=0xxxxxx col=0xxxx | DATA[p0=ff p1=ff p2=ff p3=ff] MASK[0000]
# UVM_INFO ../tb/ddr5_coverage.sv(74) @ 4035000: uvm_test_top.env.coverage [COV] Sample tx: rank=1 data_p0=0xff mask=0 | W=70.0% F=66.7% M=66.7%
# UVM_INFO ../tb/ddr5_scoreboard.sv(121) @ 4035000: uvm_test_top.env.scoreboard [SB] [MC] Nhan tx #4: WRITE: rank=1 bg=x bk=x row=0xxxxxx col=0xxxx | DATA[p0=ff p1=ff p2=ff p3=ff] MASK[0000]
# UVM_INFO ../tb/ddr5_scoreboard.sv(122) @ 4035000: uvm_test_top.env.scoreboard [SB] [CRC_REF] data=0xff -> CRC-8 = 0xd7
# UVM_INFO ../tb/ddr5_scoreboard.sv(142) @ 4115000: uvm_test_top.env.scoreboard [SB] [PASS #4] DQ khop: expected=0xff actual=0xff | CRC_ref=0xd7
# UVM_INFO ../tb/ddr5_mc_driver.sv(134) @ 5160000: uvm_test_top.env.mc_agent.driver [DRV] drive_write hoan tat
# UVM_INFO ../tb/ddr5_mc_driver.sv(23) @ 5160000: uvm_test_top.env.mc_agent.driver [DRV] Drive: WRITE: rank=1 bg=x bk=x row=0xxxxxx col=0xxxx | DATA[p0=80 p1=81 p2=82 p3=83] MASK[1001]
# UVM_INFO ../tb/ddr5_mc_monitor.sv(40) @ 5195000: uvm_test_top.env.mc_agent.monitor [MC_MON] Captured WRITE: WRITE: rank=1 bg=x bk=x row=0xxxxxx col=0xxxx | DATA[p0=80 p1=81 p2=82 p3=83] MASK[1000]
# UVM_INFO ../tb/ddr5_coverage.sv(74) @ 5195000: uvm_test_top.env.coverage [COV] Sample tx: rank=1 data_p0=0x80 mask=1 | W=85.0% F=91.7% M=91.7%
# UVM_INFO ../tb/ddr5_scoreboard.sv(121) @ 5195000: uvm_test_top.env.scoreboard [SB] [MC] Nhan tx #5: WRITE: rank=1 bg=x bk=x row=0xxxxxx col=0xxxx | DATA[p0=80 p1=81 p2=82 p3=83] MASK[1000]
# UVM_INFO ../tb/ddr5_scoreboard.sv(122) @ 5195000: uvm_test_top.env.scoreboard [SB] [CRC_REF] data=0x80 -> CRC-8 = 0x4b
# UVM_INFO ../tb/ddr5_scoreboard.sv(142) @ 5275000: uvm_test_top.env.scoreboard [SB] [PASS #5] DQ khop: expected=0x80 actual=0x80 | CRC_ref=0x4b
# UVM_INFO ../tb/ddr5_mc_driver.sv(134) @ 6320000: uvm_test_top.env.mc_agent.driver [DRV] drive_write hoan tat
# UVM_INFO ../tb/ddr5_tests.sv(259) @ 6320000: uvm_test_top.env.mc_agent.sequencer@@seq [SEQ] ▒▒àn t▒▒▒nh: MRW + Timing Sequence
# UVM_INFO verilog_src/uvm-1.1d/src/base/uvm_objection.svh(1268) @ 6620000: reporter [TEST_DONE] 'run' phase is ready to proceed to the 'extract' phase
# UVM_INFO ../tb/ddr5_coverage.sv(79) @ 6620000: uvm_test_top.env.coverage [COV] ============================================
# UVM_INFO ../tb/ddr5_coverage.sv(80) @ 6620000: uvm_test_top.env.coverage [COV]          BAO CAO FUNCTIONAL COVERAGE
# UVM_INFO ../tb/ddr5_coverage.sv(81) @ 6620000: uvm_test_top.env.coverage [COV] ============================================
# UVM_INFO ../tb/ddr5_coverage.sv(82) @ 6620000: uvm_test_top.env.coverage [COV]   Write coverage     : 85.00%
# UVM_INFO ../tb/ddr5_coverage.sv(83) @ 6620000: uvm_test_top.env.coverage [COV]   FSM coverage       : 91.67%
# UVM_INFO ../tb/ddr5_coverage.sv(84) @ 6620000: uvm_test_top.env.coverage [COV]   Mask coverage      : 91.67%
# UVM_INFO ../tb/ddr5_coverage.sv(85) @ 6620000: uvm_test_top.env.coverage [COV] --------------------------------------------
# UVM_INFO ../tb/ddr5_coverage.sv(86) @ 6620000: uvm_test_top.env.coverage [COV]   cp_rank            : 100.00%
# UVM_INFO ../tb/ddr5_coverage.sv(87) @ 6620000: uvm_test_top.env.coverage [COV]   cp_wrdata_p0       : 100.00%
# UVM_INFO ../tb/ddr5_coverage.sv(88) @ 6620000: uvm_test_top.env.coverage [COV]   cp_mask            : 100.00%
# UVM_INFO ../tb/ddr5_coverage.sv(89) @ 6620000: uvm_test_top.env.coverage [COV]   cx_rank_x_data     : 50.00%
# UVM_INFO ../tb/ddr5_coverage.sv(90) @ 6620000: uvm_test_top.env.coverage [COV]   cx_rank_x_mask     : 75.00%
# UVM_INFO ../tb/ddr5_coverage.sv(91) @ 6620000: uvm_test_top.env.coverage [COV] ============================================
# UVM_INFO ../tb/ddr5_coverage.sv(98) @ 6620000: uvm_test_top.env.coverage [COV] Coverage >= 80% - Dat muc chap nhan duoc
# UVM_INFO ../tb/ddr5_dram_monitor.sv(90) @ 6620000: uvm_test_top.env.dram_agent.monitor [DRAM_MON] Tong so cycle DQ_valid = 65
# UVM_INFO ../tb/ddr5_scoreboard.sv(156) @ 6620000: uvm_test_top.env.scoreboard [SB] ============================================
# UVM_INFO ../tb/ddr5_scoreboard.sv(157) @ 6620000: uvm_test_top.env.scoreboard [SB]          KET QUA XAC MINH
# UVM_INFO ../tb/ddr5_scoreboard.sv(158) @ 6620000: uvm_test_top.env.scoreboard [SB] ============================================
# UVM_INFO ../tb/ddr5_scoreboard.sv(159) @ 6620000: uvm_test_top.env.scoreboard [SB]   Tong giao dich  : 5
# UVM_INFO ../tb/ddr5_scoreboard.sv(160) @ 6620000: uvm_test_top.env.scoreboard [SB]   PASS            : 5
# UVM_INFO ../tb/ddr5_scoreboard.sv(161) @ 6620000: uvm_test_top.env.scoreboard [SB]   FAIL            : 0
# UVM_INFO ../tb/ddr5_scoreboard.sv(162) @ 6620000: uvm_test_top.env.scoreboard [SB] ============================================
# UVM_INFO ../tb/ddr5_scoreboard.sv(164) @ 6620000: uvm_test_top.env.scoreboard [SB] >>> TEST PASSED <<<
#
# --- UVM Report Summary ---
#
# ** Report counts by severity
# UVM_INFO :   69
# UVM_WARNING :    0
# UVM_ERROR :    0
# UVM_FATAL :    0
# ** Report counts by id
# [COV]    19
# [DRAM_MON]     1
# [DRV]    15
# [MC_MON]     5
# [Questa UVM]     2
# [RNTST]     1
# [SB]    23
# [SEQ]     2
# [TEST_DONE]     1
# ** Note: $finish    : E:/ProgramFiles/Questasim/win64/../verilog_src/uvm-1.1d/src/base/uvm_root.svh(430)
#    Time: 6620 ns  Iteration: 54  Instance: /tb_top

=== Log da luu vao: ddr5_mrw_timing_test.log ===
# UVM_INFO ../tb/ddr5_scoreboard.sv(142) @ 405000: uvm_test_top.env.scoreboard [SB] [PASS #1] DQ khop: expected=0x12 actual=0x12 | CRC_ref=0x7d
# UVM_INFO ../tb/ddr5_scoreboard.sv(142) @ 1795000: uvm_test_top.env.scoreboard [SB] [PASS #2] DQ khop: expected=0xde actual=0xde | CRC_ref=0x6c
# UVM_INFO ../tb/ddr5_scoreboard.sv(142) @ 2955000: uvm_test_top.env.scoreboard [SB] [PASS #3] DQ khop: expected=0x00 actual=0x00 | CRC_ref=0x00
# UVM_INFO ../tb/ddr5_scoreboard.sv(142) @ 4115000: uvm_test_top.env.scoreboard [SB] [PASS #4] DQ khop: expected=0xff actual=0xff | CRC_ref=0xd7
# UVM_INFO ../tb/ddr5_scoreboard.sv(142) @ 5275000: uvm_test_top.env.scoreboard [SB] [PASS #5] DQ khop: expected=0x80 actual=0x80 | CRC_ref=0x4b
# UVM_INFO ../tb/ddr5_scoreboard.sv(160) @ 6620000: uvm_test_top.env.scoreboard [SB]   PASS            : 5
# UVM_INFO ../tb/ddr5_scoreboard.sv(161) @ 6620000: uvm_test_top.env.scoreboard [SB]   FAIL            : 0
# UVM_INFO ../tb/ddr5_scoreboard.sv(164) @ 6620000: uvm_test_top.env.scoreboard [SB] >>> TEST PASSED <<<
# ** Report counts by severity
# UVM_ERROR :    0
# UVM_FATAL :    0
# ** Report counts by id
make[1]: Leaving directory '/e/tostudy/learned/HK10/Do An Tot Nghiep/practices/ddr5_phy_uvm/sim'
make sim TEST=ddr5_rank_mask_test
make[1]: Entering directory '/e/tostudy/learned/HK10/Do An Tot Nghiep/practices/ddr5_phy_uvm/sim'
vsim -t 1ps \
    -suppress 3009 \
    -c \
    +UVM_TESTNAME=ddr5_rank_mask_test \
    +UVM_VERBOSITY=UVM_MEDIUM \
    -do "run -all; quit -f;" \
    tb_top \
    | tee ddr5_rank_mask_test.log
Reading E:/ProgramFiles/Questasim/tcl/vsim/pref.tcl

# 10.2c

# vsim +UVM_TESTNAME=ddr5_rank_mask_test +UVM_VERBOSITY=UVM_MEDIUM -do {run -all; quit -f;} -c -suppress 3009 -t 1ps tb_top
# //  Questa Sim-64
# //  Version 10.2c Unknown Platform Jul 19 2013
# //
# //  Copyright 1991-2013 Mentor Graphics Corporation
# //  All Rights Reserved.
# //
# //  THIS WORK CONTAINS TRADE SECRET AND PROPRIETARY INFORMATION
# //  WHICH IS THE PROPERTY OF MENTOR GRAPHICS CORPORATION OR ITS
# //  LICENSORS AND IS SUBJECT TO LICENSE TERMS.
# //
# Loading sv_std.std
# Loading mtiUvm.uvm_pkg
# Loading work.tb_pkg(fast)
# Loading work.tb_top_sv_unit(fast)
# Loading work.tb_top(fast)
# Loading work.ddr5_phy_if(fast)
# Loading mtiUvm.questa_uvm_pkg(fast)
# Loading E:/ProgramFiles/Questasim/uvm-1.1d\win64\uvm_dpi.dll
# run -all
# ----------------------------------------------------------------
# UVM-1.1d
# (C) 2007-2013 Mentor Graphics Corporation
# (C) 2007-2013 Cadence Design Systems, Inc.
# (C) 2006-2013 Synopsys, Inc.
# (C) 2011-2013 Cypress Semiconductor Corp.
# ----------------------------------------------------------------
#
#   ***********       IMPORTANT RELEASE NOTES         ************
#
#   You are using a version of the UVM library that has been compiled
#   with `UVM_NO_DEPRECATED undefined.
#   See http://www.eda.org/svdb/view.php?id=3313 for more details.
#
#   You are using a version of the UVM library that has been compiled
#   with `UVM_OBJECT_MUST_HAVE_CONSTRUCTOR undefined.
#   See http://www.eda.org/svdb/view.php?id=3770 for more details.
#
#       (Specify +UVM_NO_RELNOTES to turn off this notice)
#
# UVM_INFO verilog_src/questa_uvm_pkg-1.2/src/questa_uvm_pkg.sv(215) @ 0: reporter [Questa UVM] QUESTA_UVM-1.2.2
# UVM_INFO verilog_src/questa_uvm_pkg-1.2/src/questa_uvm_pkg.sv(217) @ 0: reporter [Questa UVM]  questa_uvm::init(+struct)
# UVM_INFO @ 0: reporter [RNTST] Running test ddr5_rank_mask_test...
# UVM_INFO ../tb/ddr5_tests.sv(275) @ 0: uvm_test_top.env.mc_agent.sequencer@@seq [SEQ] ▒▒▒▒t ▒▒▒▒▒u: Rank + Mask Sequence
# UVM_INFO ../tb/ddr5_mc_driver.sv(66) @ 100000: uvm_test_top.env.mc_agent.driver [DRV] Reset hoan tat, DUT san sang
# UVM_INFO ../tb/ddr5_mc_driver.sv(23) @ 100000: uvm_test_top.env.mc_agent.driver [DRV] Drive: WRITE: rank=0 bg=x bk=x row=0xxxxxx col=0xxxx | DATA[p0=de p1=ad p2=be p3=ef] MASK[0101]
# UVM_INFO ../tb/ddr5_mc_monitor.sv(40) @ 135000: uvm_test_top.env.mc_agent.monitor [MC_MON] Captured WRITE: WRITE: rank=0 bg=x bk=x row=0xxxxxx col=0xxxx | DATA[p0=de p1=ad p2=be p3=ef] MASK[0000]
# UVM_INFO ../tb/ddr5_coverage.sv(74) @ 135000: uvm_test_top.env.coverage [COV] Sample tx: rank=0 data_p0=0xde mask=0 | W=32.5% F=41.7% M=41.7%
# UVM_INFO ../tb/ddr5_scoreboard.sv(121) @ 135000: uvm_test_top.env.scoreboard [SB] [MC] Nhan tx #1: WRITE: rank=0 bg=x bk=x row=0xxxxxx col=0xxxx | DATA[p0=de p1=ad p2=be p3=ef] MASK[0000]
# UVM_INFO ../tb/ddr5_scoreboard.sv(122) @ 135000: uvm_test_top.env.scoreboard [SB] [CRC_REF] data=0xde -> CRC-8 = 0x6c
# UVM_INFO ../tb/ddr5_scoreboard.sv(142) @ 215000: uvm_test_top.env.scoreboard [SB] [PASS #1] DQ khop: expected=0xde actual=0xde | CRC_ref=0x6c
# UVM_INFO ../tb/ddr5_mc_driver.sv(134) @ 1260000: uvm_test_top.env.mc_agent.driver [DRV] drive_write hoan tat
# UVM_INFO ../tb/ddr5_mc_driver.sv(23) @ 1260000: uvm_test_top.env.mc_agent.driver [DRV] Drive: WRITE: rank=1 bg=x bk=x row=0xxxxxx col=0xxxx | DATA[p0=00 p1=ff p2=55 p3=aa] MASK[1010]
# UVM_INFO ../tb/ddr5_mc_monitor.sv(40) @ 1295000: uvm_test_top.env.mc_agent.monitor [MC_MON] Captured WRITE: WRITE: rank=1 bg=x bk=x row=0xxxxxx col=0xxxx | DATA[p0=00 p1=ff p2=55 p3=aa] MASK[1000]
# UVM_INFO ../tb/ddr5_coverage.sv(74) @ 1295000: uvm_test_top.env.coverage [COV] Sample tx: rank=1 data_p0=0x00 mask=1 | W=65.0% F=83.3% M=83.3%
# UVM_INFO ../tb/ddr5_scoreboard.sv(121) @ 1295000: uvm_test_top.env.scoreboard [SB] [MC] Nhan tx #2: WRITE: rank=1 bg=x bk=x row=0xxxxxx col=0xxxx | DATA[p0=00 p1=ff p2=55 p3=aa] MASK[1000]
# UVM_INFO ../tb/ddr5_scoreboard.sv(122) @ 1295000: uvm_test_top.env.scoreboard [SB] [CRC_REF] data=0x00 -> CRC-8 = 0x00
# UVM_INFO ../tb/ddr5_scoreboard.sv(142) @ 1375000: uvm_test_top.env.scoreboard [SB] [PASS #2] DQ khop: expected=0x00 actual=0x00 | CRC_ref=0x00
# UVM_INFO ../tb/ddr5_mc_driver.sv(134) @ 2420000: uvm_test_top.env.mc_agent.driver [DRV] drive_write hoan tat
# UVM_INFO ../tb/ddr5_mc_driver.sv(23) @ 2420000: uvm_test_top.env.mc_agent.driver [DRV] Drive: WRITE: rank=0 bg=x bk=x row=0xxxxxx col=0xxxx | DATA[p0=0f p1=f0 p2=a5 p3=5a] MASK[0000]
# UVM_INFO ../tb/ddr5_mc_monitor.sv(40) @ 2455000: uvm_test_top.env.mc_agent.monitor [MC_MON] Captured WRITE: WRITE: rank=0 bg=x bk=x row=0xxxxxx col=0xxxx | DATA[p0=0f p1=f0 p2=a5 p3=5a] MASK[0000]
# UVM_INFO ../tb/ddr5_coverage.sv(74) @ 2455000: uvm_test_top.env.coverage [COV] Sample tx: rank=0 data_p0=0x0f mask=0 | W=72.5% F=83.3% M=83.3%
# UVM_INFO ../tb/ddr5_scoreboard.sv(121) @ 2455000: uvm_test_top.env.scoreboard [SB] [MC] Nhan tx #3: WRITE: rank=0 bg=x bk=x row=0xxxxxx col=0xxxx | DATA[p0=0f p1=f0 p2=a5 p3=5a] MASK[0000]
# UVM_INFO ../tb/ddr5_scoreboard.sv(122) @ 2455000: uvm_test_top.env.scoreboard [SB] [CRC_REF] data=0x0f -> CRC-8 = 0xc3
# UVM_INFO ../tb/ddr5_scoreboard.sv(142) @ 2535000: uvm_test_top.env.scoreboard [SB] [PASS #3] DQ khop: expected=0x0f actual=0x0f | CRC_ref=0xc3
# UVM_INFO ../tb/ddr5_mc_driver.sv(134) @ 3580000: uvm_test_top.env.mc_agent.driver [DRV] drive_write hoan tat
# UVM_INFO ../tb/ddr5_mc_driver.sv(23) @ 3580000: uvm_test_top.env.mc_agent.driver [DRV] Drive: WRITE: rank=1 bg=x bk=x row=0xxxxxx col=0xxxx | DATA[p0=33 p1=cc p2=77 p3=88] MASK[0000]
# UVM_INFO ../tb/ddr5_mc_monitor.sv(40) @ 3615000: uvm_test_top.env.mc_agent.monitor [MC_MON] Captured WRITE: WRITE: rank=1 bg=x bk=x row=0xxxxxx col=0xxxx | DATA[p0=33 p1=cc p2=77 p3=88] MASK[0000]
# UVM_INFO ../tb/ddr5_coverage.sv(74) @ 3615000: uvm_test_top.env.coverage [COV] Sample tx: rank=1 data_p0=0x33 mask=0 | W=80.0% F=91.7% M=91.7%
# UVM_INFO ../tb/ddr5_scoreboard.sv(121) @ 3615000: uvm_test_top.env.scoreboard [SB] [MC] Nhan tx #4: WRITE: rank=1 bg=x bk=x row=0xxxxxx col=0xxxx | DATA[p0=33 p1=cc p2=77 p3=88] MASK[0000]
# UVM_INFO ../tb/ddr5_scoreboard.sv(122) @ 3615000: uvm_test_top.env.scoreboard [SB] [CRC_REF] data=0x33 -> CRC-8 = 0xc6
# UVM_INFO ../tb/ddr5_scoreboard.sv(142) @ 3695000: uvm_test_top.env.scoreboard [SB] [PASS #4] DQ khop: expected=0x33 actual=0x33 | CRC_ref=0xc6
# UVM_INFO ../tb/ddr5_mc_driver.sv(134) @ 4740000: uvm_test_top.env.mc_agent.driver [DRV] drive_write hoan tat
# UVM_INFO ../tb/ddr5_mc_driver.sv(23) @ 4740000: uvm_test_top.env.mc_agent.driver [DRV] Drive: WRITE: rank=0 bg=x bk=x row=0xxxxxx col=0xxxx | DATA[p0=ff p1=ff p2=ff p3=ff] MASK[1100]
# UVM_INFO ../tb/ddr5_mc_monitor.sv(40) @ 4775000: uvm_test_top.env.mc_agent.monitor [MC_MON] Captured WRITE: WRITE: rank=0 bg=x bk=x row=0xxxxxx col=0xxxx | DATA[p0=ff p1=ff p2=ff p3=ff] MASK[1000]
# UVM_INFO ../tb/ddr5_coverage.sv(74) @ 4775000: uvm_test_top.env.coverage [COV] Sample tx: rank=0 data_p0=0xff mask=1 | W=92.5% F=100.0% M=100.0%
# UVM_INFO ../tb/ddr5_scoreboard.sv(121) @ 4775000: uvm_test_top.env.scoreboard [SB] [MC] Nhan tx #5: WRITE: rank=0 bg=x bk=x row=0xxxxxx col=0xxxx | DATA[p0=ff p1=ff p2=ff p3=ff] MASK[1000]
# UVM_INFO ../tb/ddr5_scoreboard.sv(122) @ 4775000: uvm_test_top.env.scoreboard [SB] [CRC_REF] data=0xff -> CRC-8 = 0xd7
# UVM_INFO ../tb/ddr5_scoreboard.sv(142) @ 4855000: uvm_test_top.env.scoreboard [SB] [PASS #5] DQ khop: expected=0xff actual=0xff | CRC_ref=0xd7
# UVM_INFO ../tb/ddr5_mc_driver.sv(134) @ 5900000: uvm_test_top.env.mc_agent.driver [DRV] drive_write hoan tat
# UVM_INFO ../tb/ddr5_mc_driver.sv(23) @ 5900000: uvm_test_top.env.mc_agent.driver [DRV] Drive: WRITE: rank=0 bg=x bk=x row=0xxxxxx col=0xxxx | DATA[p0=7f p1=7f p2=7f p3=7f] MASK[0000]
# UVM_INFO ../tb/ddr5_mc_monitor.sv(40) @ 5935000: uvm_test_top.env.mc_agent.monitor [MC_MON] Captured WRITE: WRITE: rank=0 bg=x bk=x row=0xxxxxx col=0xxxx | DATA[p0=7f p1=7f p2=7f p3=7f] MASK[0000]
# UVM_INFO ../tb/ddr5_coverage.sv(74) @ 5935000: uvm_test_top.env.coverage [COV] Sample tx: rank=0 data_p0=0x7f mask=0 | W=92.5% F=100.0% M=100.0%
# UVM_INFO ../tb/ddr5_scoreboard.sv(121) @ 5935000: uvm_test_top.env.scoreboard [SB] [MC] Nhan tx #6: WRITE: rank=0 bg=x bk=x row=0xxxxxx col=0xxxx | DATA[p0=7f p1=7f p2=7f p3=7f] MASK[0000]
# UVM_INFO ../tb/ddr5_scoreboard.sv(122) @ 5935000: uvm_test_top.env.scoreboard [SB] [CRC_REF] data=0x7f -> CRC-8 = 0x9c
# UVM_INFO ../tb/ddr5_scoreboard.sv(142) @ 6015000: uvm_test_top.env.scoreboard [SB] [PASS #6] DQ khop: expected=0x7f actual=0x7f | CRC_ref=0x9c
# UVM_INFO ../tb/ddr5_mc_driver.sv(134) @ 7060000: uvm_test_top.env.mc_agent.driver [DRV] drive_write hoan tat
# UVM_INFO ../tb/ddr5_mc_driver.sv(23) @ 7060000: uvm_test_top.env.mc_agent.driver [DRV] Drive: WRITE: rank=1 bg=x bk=x row=0xxxxxx col=0xxxx | DATA[p0=80 p1=81 p2=82 p3=83] MASK[1001]
# UVM_INFO ../tb/ddr5_mc_monitor.sv(40) @ 7095000: uvm_test_top.env.mc_agent.monitor [MC_MON] Captured WRITE: WRITE: rank=1 bg=x bk=x row=0xxxxxx col=0xxxx | DATA[p0=80 p1=81 p2=82 p3=83] MASK[1000]
# UVM_INFO ../tb/ddr5_coverage.sv(74) @ 7095000: uvm_test_top.env.coverage [COV] Sample tx: rank=1 data_p0=0x80 mask=1 | W=95.0% F=100.0% M=100.0%
# UVM_INFO ../tb/ddr5_scoreboard.sv(121) @ 7095000: uvm_test_top.env.scoreboard [SB] [MC] Nhan tx #7: WRITE: rank=1 bg=x bk=x row=0xxxxxx col=0xxxx | DATA[p0=80 p1=81 p2=82 p3=83] MASK[1000]
# UVM_INFO ../tb/ddr5_scoreboard.sv(122) @ 7095000: uvm_test_top.env.scoreboard [SB] [CRC_REF] data=0x80 -> CRC-8 = 0x4b
# UVM_INFO ../tb/ddr5_scoreboard.sv(142) @ 7175000: uvm_test_top.env.scoreboard [SB] [PASS #7] DQ khop: expected=0x80 actual=0x80 | CRC_ref=0x4b
# UVM_INFO ../tb/ddr5_mc_driver.sv(134) @ 8220000: uvm_test_top.env.mc_agent.driver [DRV] drive_write hoan tat
# UVM_INFO ../tb/ddr5_tests.sv(290) @ 8220000: uvm_test_top.env.mc_agent.sequencer@@seq [SEQ] Ho▒▒n ▒▒▒▒nh: Rank + Mask Sequence
# UVM_INFO verilog_src/uvm-1.1d/src/base/uvm_objection.svh(1268) @ 8420000: reporter [TEST_DONE] 'run' phase is ready to proceed to the 'extract' phase
# UVM_INFO ../tb/ddr5_coverage.sv(79) @ 8420000: uvm_test_top.env.coverage [COV] ============================================
# UVM_INFO ../tb/ddr5_coverage.sv(80) @ 8420000: uvm_test_top.env.coverage [COV]          BAO CAO FUNCTIONAL COVERAGE
# UVM_INFO ../tb/ddr5_coverage.sv(81) @ 8420000: uvm_test_top.env.coverage [COV] ============================================
# UVM_INFO ../tb/ddr5_coverage.sv(82) @ 8420000: uvm_test_top.env.coverage [COV]   Write coverage     : 95.00%
# UVM_INFO ../tb/ddr5_coverage.sv(83) @ 8420000: uvm_test_top.env.coverage [COV]   FSM coverage       : 100.00%
# UVM_INFO ../tb/ddr5_coverage.sv(84) @ 8420000: uvm_test_top.env.coverage [COV]   Mask coverage      : 100.00%
# UVM_INFO ../tb/ddr5_coverage.sv(85) @ 8420000: uvm_test_top.env.coverage [COV] --------------------------------------------
# UVM_INFO ../tb/ddr5_coverage.sv(86) @ 8420000: uvm_test_top.env.coverage [COV]   cp_rank            : 100.00%
# UVM_INFO ../tb/ddr5_coverage.sv(87) @ 8420000: uvm_test_top.env.coverage [COV]   cp_wrdata_p0       : 100.00%
# UVM_INFO ../tb/ddr5_coverage.sv(88) @ 8420000: uvm_test_top.env.coverage [COV]   cp_mask            : 100.00%
# UVM_INFO ../tb/ddr5_coverage.sv(89) @ 8420000: uvm_test_top.env.coverage [COV]   cx_rank_x_data     : 75.00%
# UVM_INFO ../tb/ddr5_coverage.sv(90) @ 8420000: uvm_test_top.env.coverage [COV]   cx_rank_x_mask     : 100.00%
# UVM_INFO ../tb/ddr5_coverage.sv(91) @ 8420000: uvm_test_top.env.coverage [COV] ============================================
# UVM_INFO ../tb/ddr5_coverage.sv(98) @ 8420000: uvm_test_top.env.coverage [COV] Coverage >= 80% - Dat muc chap nhan duoc
# UVM_INFO ../tb/ddr5_dram_monitor.sv(90) @ 8420000: uvm_test_top.env.dram_agent.monitor [DRAM_MON] Tong so cycle DQ_valid = 91
# UVM_INFO ../tb/ddr5_scoreboard.sv(156) @ 8420000: uvm_test_top.env.scoreboard [SB] ============================================
# UVM_INFO ../tb/ddr5_scoreboard.sv(157) @ 8420000: uvm_test_top.env.scoreboard [SB]          KET QUA XAC MINH
# UVM_INFO ../tb/ddr5_scoreboard.sv(158) @ 8420000: uvm_test_top.env.scoreboard [SB] ============================================
# UVM_INFO ../tb/ddr5_scoreboard.sv(159) @ 8420000: uvm_test_top.env.scoreboard [SB]   Tong giao dich  : 7
# UVM_INFO ../tb/ddr5_scoreboard.sv(160) @ 8420000: uvm_test_top.env.scoreboard [SB]   PASS            : 7
# UVM_INFO ../tb/ddr5_scoreboard.sv(161) @ 8420000: uvm_test_top.env.scoreboard [SB]   FAIL            : 0
# UVM_INFO ../tb/ddr5_scoreboard.sv(162) @ 8420000: uvm_test_top.env.scoreboard [SB] ============================================
# UVM_INFO ../tb/ddr5_scoreboard.sv(164) @ 8420000: uvm_test_top.env.scoreboard [SB] >>> TEST PASSED <<<
#
# --- UVM Report Summary ---
#
# ** Report counts by severity
# UVM_INFO :   79
# UVM_WARNING :    0
# UVM_ERROR :    0
# UVM_FATAL :    0
# ** Report counts by id
# [COV]    21
# [DRAM_MON]     1
# [DRV]    15
# [MC_MON]     7
# [Questa UVM]     2
# [RNTST]     1
# [SB]    29
# [SEQ]     2
# [TEST_DONE]     1
# ** Note: $finish    : E:/ProgramFiles/Questasim/win64/../verilog_src/uvm-1.1d/src/base/uvm_root.svh(430)
#    Time: 8420 ns  Iteration: 54  Instance: /tb_top

=== Log da luu vao: ddr5_rank_mask_test.log ===
# UVM_INFO ../tb/ddr5_scoreboard.sv(142) @ 215000: uvm_test_top.env.scoreboard [SB] [PASS #1] DQ khop: expected=0xde actual=0xde | CRC_ref=0x6c
# UVM_INFO ../tb/ddr5_scoreboard.sv(142) @ 1375000: uvm_test_top.env.scoreboard [SB] [PASS #2] DQ khop: expected=0x00 actual=0x00 | CRC_ref=0x00
# UVM_INFO ../tb/ddr5_scoreboard.sv(142) @ 2535000: uvm_test_top.env.scoreboard [SB] [PASS #3] DQ khop: expected=0x0f actual=0x0f | CRC_ref=0xc3
# UVM_INFO ../tb/ddr5_scoreboard.sv(142) @ 3695000: uvm_test_top.env.scoreboard [SB] [PASS #4] DQ khop: expected=0x33 actual=0x33 | CRC_ref=0xc6
# UVM_INFO ../tb/ddr5_scoreboard.sv(142) @ 4855000: uvm_test_top.env.scoreboard [SB] [PASS #5] DQ khop: expected=0xff actual=0xff | CRC_ref=0xd7
# UVM_INFO ../tb/ddr5_scoreboard.sv(142) @ 6015000: uvm_test_top.env.scoreboard [SB] [PASS #6] DQ khop: expected=0x7f actual=0x7f | CRC_ref=0x9c
# UVM_INFO ../tb/ddr5_scoreboard.sv(142) @ 7175000: uvm_test_top.env.scoreboard [SB] [PASS #7] DQ khop: expected=0x80 actual=0x80 | CRC_ref=0x4b
# UVM_INFO ../tb/ddr5_scoreboard.sv(160) @ 8420000: uvm_test_top.env.scoreboard [SB]   PASS            : 7
# UVM_INFO ../tb/ddr5_scoreboard.sv(161) @ 8420000: uvm_test_top.env.scoreboard [SB]   FAIL            : 0
# UVM_INFO ../tb/ddr5_scoreboard.sv(164) @ 8420000: uvm_test_top.env.scoreboard [SB] >>> TEST PASSED <<<
# ** Report counts by severity
# UVM_ERROR :    0
# UVM_FATAL :    0
# ** Report counts by id
make[1]: Leaving directory '/e/tostudy/learned/HK10/Do An Tot Nghiep/practices/ddr5_phy_uvm/sim'
make sim TEST=ddr5_coverage_test
make[1]: Entering directory '/e/tostudy/learned/HK10/Do An Tot Nghiep/practices/ddr5_phy_uvm/sim'
vsim -t 1ps \
    -suppress 3009 \
    -c \
    +UVM_TESTNAME=ddr5_coverage_test \
    +UVM_VERBOSITY=UVM_MEDIUM \
    -do "run -all; quit -f;" \
    tb_top \
    | tee ddr5_coverage_test.log
Reading E:/ProgramFiles/Questasim/tcl/vsim/pref.tcl

# 10.2c

# vsim +UVM_TESTNAME=ddr5_coverage_test +UVM_VERBOSITY=UVM_MEDIUM -do {run -all; quit -f;} -c -suppress 3009 -t 1ps tb_top
# //  Questa Sim-64
# //  Version 10.2c Unknown Platform Jul 19 2013
# //
# //  Copyright 1991-2013 Mentor Graphics Corporation
# //  All Rights Reserved.
# //
# //  THIS WORK CONTAINS TRADE SECRET AND PROPRIETARY INFORMATION
# //  WHICH IS THE PROPERTY OF MENTOR GRAPHICS CORPORATION OR ITS
# //  LICENSORS AND IS SUBJECT TO LICENSE TERMS.
# //
# Loading sv_std.std
# Loading mtiUvm.uvm_pkg
# Loading work.tb_pkg(fast)
# Loading work.tb_top_sv_unit(fast)
# Loading work.tb_top(fast)
# Loading work.ddr5_phy_if(fast)
# Loading mtiUvm.questa_uvm_pkg(fast)
# Loading E:/ProgramFiles/Questasim/uvm-1.1d\win64\uvm_dpi.dll
# run -all
# ----------------------------------------------------------------
# UVM-1.1d
# (C) 2007-2013 Mentor Graphics Corporation
# (C) 2007-2013 Cadence Design Systems, Inc.
# (C) 2006-2013 Synopsys, Inc.
# (C) 2011-2013 Cypress Semiconductor Corp.
# ----------------------------------------------------------------
#
#   ***********       IMPORTANT RELEASE NOTES         ************
#
#   You are using a version of the UVM library that has been compiled
#   with `UVM_NO_DEPRECATED undefined.
#   See http://www.eda.org/svdb/view.php?id=3313 for more details.
#
#   You are using a version of the UVM library that has been compiled
#   with `UVM_OBJECT_MUST_HAVE_CONSTRUCTOR undefined.
#   See http://www.eda.org/svdb/view.php?id=3770 for more details.
#
#       (Specify +UVM_NO_RELNOTES to turn off this notice)
#
# UVM_INFO verilog_src/questa_uvm_pkg-1.2/src/questa_uvm_pkg.sv(215) @ 0: reporter [Questa UVM] QUESTA_UVM-1.2.2
# UVM_INFO verilog_src/questa_uvm_pkg-1.2/src/questa_uvm_pkg.sv(217) @ 0: reporter [Questa UVM]  questa_uvm::init(+struct)
# UVM_INFO @ 0: reporter [RNTST] Running test ddr5_coverage_test...
# UVM_INFO ../tb/ddr5_tests.sv(551) @ 0: uvm_test_top.env.mc_agent.sequencer@@seq [SEQ] Bat dau: Coverage-Directed Sequence
# UVM_INFO ../tb/ddr5_mc_driver.sv(66) @ 100000: uvm_test_top.env.mc_agent.driver [DRV] Reset hoan tat, DUT san sang
# UVM_INFO ../tb/ddr5_mc_driver.sv(23) @ 100000: uvm_test_top.env.mc_agent.driver [DRV] Drive: WRITE: rank=0 bg=x bk=x row=0xxxxxx col=0xxxx | DATA[p0=00 p1=00 p2=00 p3=00] MASK[0000]
# UVM_INFO ../tb/ddr5_mc_monitor.sv(40) @ 135000: uvm_test_top.env.mc_agent.monitor [MC_MON] Captured WRITE: WRITE: rank=0 bg=x bk=x row=0xxxxxx col=0xxxx | DATA[p0=00 p1=00 p2=00 p3=00] MASK[0000]
# UVM_INFO ../tb/ddr5_coverage.sv(74) @ 135000: uvm_test_top.env.coverage [COV] Sample tx: rank=0 data_p0=0x00 mask=0 | W=32.5% F=41.7% M=41.7%
# UVM_INFO ../tb/ddr5_scoreboard.sv(121) @ 135000: uvm_test_top.env.scoreboard [SB] [MC] Nhan tx #1: WRITE: rank=0 bg=x bk=x row=0xxxxxx col=0xxxx | DATA[p0=00 p1=00 p2=00 p3=00] MASK[0000]
# UVM_INFO ../tb/ddr5_scoreboard.sv(122) @ 135000: uvm_test_top.env.scoreboard [SB] [CRC_REF] data=0x00 -> CRC-8 = 0x00
# UVM_INFO ../tb/ddr5_scoreboard.sv(142) @ 215000: uvm_test_top.env.scoreboard [SB] [PASS #1] DQ khop: expected=0x00 actual=0x00 | CRC_ref=0x00
# UVM_INFO ../tb/ddr5_mc_driver.sv(134) @ 1260000: uvm_test_top.env.mc_agent.driver [DRV] drive_write hoan tat
# UVM_INFO ../tb/ddr5_mc_driver.sv(23) @ 1260000: uvm_test_top.env.mc_agent.driver [DRV] Drive: WRITE: rank=0 bg=x bk=x row=0xxxxxx col=0xxxx | DATA[p0=ff p1=ff p2=ff p3=ff] MASK[0000]
# UVM_INFO ../tb/ddr5_mc_monitor.sv(40) @ 1295000: uvm_test_top.env.mc_agent.monitor [MC_MON] Captured WRITE: WRITE: rank=0 bg=x bk=x row=0xxxxxx col=0xxxx | DATA[p0=ff p1=ff p2=ff p3=ff] MASK[0000]
# UVM_INFO ../tb/ddr5_coverage.sv(74) @ 1295000: uvm_test_top.env.coverage [COV] Sample tx: rank=0 data_p0=0xff mask=0 | W=40.0% F=41.7% M=41.7%
# UVM_INFO ../tb/ddr5_scoreboard.sv(121) @ 1295000: uvm_test_top.env.scoreboard [SB] [MC] Nhan tx #2: WRITE: rank=0 bg=x bk=x row=0xxxxxx col=0xxxx | DATA[p0=ff p1=ff p2=ff p3=ff] MASK[0000]
# UVM_INFO ../tb/ddr5_scoreboard.sv(122) @ 1295000: uvm_test_top.env.scoreboard [SB] [CRC_REF] data=0xff -> CRC-8 = 0xd7
# UVM_INFO ../tb/ddr5_scoreboard.sv(142) @ 1375000: uvm_test_top.env.scoreboard [SB] [PASS #2] DQ khop: expected=0xff actual=0xff | CRC_ref=0xd7
# UVM_INFO ../tb/ddr5_mc_driver.sv(134) @ 2420000: uvm_test_top.env.mc_agent.driver [DRV] drive_write hoan tat
# UVM_INFO ../tb/ddr5_mc_driver.sv(23) @ 2420000: uvm_test_top.env.mc_agent.driver [DRV] Drive: WRITE: rank=0 bg=x bk=x row=0xxxxxx col=0xxxx | DATA[p0=3c p1=3c p2=3c p3=3c] MASK[0000]
# UVM_INFO ../tb/ddr5_mc_monitor.sv(40) @ 2455000: uvm_test_top.env.mc_agent.monitor [MC_MON] Captured WRITE: WRITE: rank=0 bg=x bk=x row=0xxxxxx col=0xxxx | DATA[p0=3c p1=3c p2=3c p3=3c] MASK[0000]
# UVM_INFO ../tb/ddr5_coverage.sv(74) @ 2455000: uvm_test_top.env.coverage [COV] Sample tx: rank=0 data_p0=0x3c mask=0 | W=47.5% F=41.7% M=41.7%
# UVM_INFO ../tb/ddr5_scoreboard.sv(121) @ 2455000: uvm_test_top.env.scoreboard [SB] [MC] Nhan tx #3: WRITE: rank=0 bg=x bk=x row=0xxxxxx col=0xxxx | DATA[p0=3c p1=3c p2=3c p3=3c] MASK[0000]
# UVM_INFO ../tb/ddr5_scoreboard.sv(122) @ 2455000: uvm_test_top.env.scoreboard [SB] [CRC_REF] data=0x3c -> CRC-8 = 0x05
# UVM_INFO ../tb/ddr5_scoreboard.sv(142) @ 2535000: uvm_test_top.env.scoreboard [SB] [PASS #3] DQ khop: expected=0x3c actual=0x3c | CRC_ref=0x05
# UVM_INFO ../tb/ddr5_mc_driver.sv(134) @ 3580000: uvm_test_top.env.mc_agent.driver [DRV] drive_write hoan tat
# UVM_INFO ../tb/ddr5_mc_driver.sv(23) @ 3580000: uvm_test_top.env.mc_agent.driver [DRV] Drive: WRITE: rank=0 bg=x bk=x row=0xxxxxx col=0xxxx | DATA[p0=a5 p1=a5 p2=a5 p3=a5] MASK[0000]
# UVM_INFO ../tb/ddr5_mc_monitor.sv(40) @ 3615000: uvm_test_top.env.mc_agent.monitor [MC_MON] Captured WRITE: WRITE: rank=0 bg=x bk=x row=0xxxxxx col=0xxxx | DATA[p0=a5 p1=a5 p2=a5 p3=a5] MASK[0000]
# UVM_INFO ../tb/ddr5_coverage.sv(74) @ 3615000: uvm_test_top.env.coverage [COV] Sample tx: rank=0 data_p0=0xa5 mask=0 | W=55.0% F=41.7% M=41.7%
# UVM_INFO ../tb/ddr5_scoreboard.sv(121) @ 3615000: uvm_test_top.env.scoreboard [SB] [MC] Nhan tx #4: WRITE: rank=0 bg=x bk=x row=0xxxxxx col=0xxxx | DATA[p0=a5 p1=a5 p2=a5 p3=a5] MASK[0000]
# UVM_INFO ../tb/ddr5_scoreboard.sv(122) @ 3615000: uvm_test_top.env.scoreboard [SB] [CRC_REF] data=0xa5 -> CRC-8 = 0x59
# UVM_INFO ../tb/ddr5_scoreboard.sv(142) @ 3695000: uvm_test_top.env.scoreboard [SB] [PASS #4] DQ khop: expected=0xa5 actual=0xa5 | CRC_ref=0x59
# UVM_INFO ../tb/ddr5_mc_driver.sv(134) @ 4740000: uvm_test_top.env.mc_agent.driver [DRV] drive_write hoan tat
# UVM_INFO ../tb/ddr5_mc_driver.sv(23) @ 4740000: uvm_test_top.env.mc_agent.driver [DRV] Drive: WRITE: rank=1 bg=x bk=x row=0xxxxxx col=0xxxx | DATA[p0=00 p1=00 p2=00 p3=00] MASK[0000]
# UVM_INFO ../tb/ddr5_mc_monitor.sv(40) @ 4775000: uvm_test_top.env.mc_agent.monitor [MC_MON] Captured WRITE: WRITE: rank=1 bg=x bk=x row=0xxxxxx col=0xxxx | DATA[p0=00 p1=00 p2=00 p3=00] MASK[0000]
# UVM_INFO ../tb/ddr5_coverage.sv(74) @ 4775000: uvm_test_top.env.coverage [COV] Sample tx: rank=1 data_p0=0x00 mask=0 | W=72.5% F=66.7% M=66.7%
# UVM_INFO ../tb/ddr5_scoreboard.sv(121) @ 4775000: uvm_test_top.env.scoreboard [SB] [MC] Nhan tx #5: WRITE: rank=1 bg=x bk=x row=0xxxxxx col=0xxxx | DATA[p0=00 p1=00 p2=00 p3=00] MASK[0000]
# UVM_INFO ../tb/ddr5_scoreboard.sv(122) @ 4775000: uvm_test_top.env.scoreboard [SB] [CRC_REF] data=0x00 -> CRC-8 = 0x00
# UVM_INFO ../tb/ddr5_scoreboard.sv(142) @ 4855000: uvm_test_top.env.scoreboard [SB] [PASS #5] DQ khop: expected=0x00 actual=0x00 | CRC_ref=0x00
# UVM_INFO ../tb/ddr5_mc_driver.sv(134) @ 5900000: uvm_test_top.env.mc_agent.driver [DRV] drive_write hoan tat
# UVM_INFO ../tb/ddr5_mc_driver.sv(23) @ 5900000: uvm_test_top.env.mc_agent.driver [DRV] Drive: WRITE: rank=1 bg=x bk=x row=0xxxxxx col=0xxxx | DATA[p0=ff p1=ff p2=ff p3=ff] MASK[0000]
# UVM_INFO ../tb/ddr5_mc_monitor.sv(40) @ 5935000: uvm_test_top.env.mc_agent.monitor [MC_MON] Captured WRITE: WRITE: rank=1 bg=x bk=x row=0xxxxxx col=0xxxx | DATA[p0=ff p1=ff p2=ff p3=ff] MASK[0000]
# UVM_INFO ../tb/ddr5_coverage.sv(74) @ 5935000: uvm_test_top.env.coverage [COV] Sample tx: rank=1 data_p0=0xff mask=0 | W=75.0% F=66.7% M=66.7%
# UVM_INFO ../tb/ddr5_scoreboard.sv(121) @ 5935000: uvm_test_top.env.scoreboard [SB] [MC] Nhan tx #6: WRITE: rank=1 bg=x bk=x row=0xxxxxx col=0xxxx | DATA[p0=ff p1=ff p2=ff p3=ff] MASK[0000]
# UVM_INFO ../tb/ddr5_scoreboard.sv(122) @ 5935000: uvm_test_top.env.scoreboard [SB] [CRC_REF] data=0xff -> CRC-8 = 0xd7
# UVM_INFO ../tb/ddr5_scoreboard.sv(142) @ 6015000: uvm_test_top.env.scoreboard [SB] [PASS #6] DQ khop: expected=0xff actual=0xff | CRC_ref=0xd7
# UVM_INFO ../tb/ddr5_mc_driver.sv(134) @ 7060000: uvm_test_top.env.mc_agent.driver [DRV] drive_write hoan tat
# UVM_INFO ../tb/ddr5_mc_driver.sv(23) @ 7060000: uvm_test_top.env.mc_agent.driver [DRV] Drive: WRITE: rank=1 bg=x bk=x row=0xxxxxx col=0xxxx | DATA[p0=55 p1=55 p2=55 p3=55] MASK[0000]
# UVM_INFO ../tb/ddr5_mc_monitor.sv(40) @ 7095000: uvm_test_top.env.mc_agent.monitor [MC_MON] Captured WRITE: WRITE: rank=1 bg=x bk=x row=0xxxxxx col=0xxxx | DATA[p0=55 p1=55 p2=55 p3=55] MASK[0000]
# UVM_INFO ../tb/ddr5_coverage.sv(74) @ 7095000: uvm_test_top.env.coverage [COV] Sample tx: rank=1 data_p0=0x55 mask=0 | W=77.5% F=66.7% M=66.7%
# UVM_INFO ../tb/ddr5_scoreboard.sv(121) @ 7095000: uvm_test_top.env.scoreboard [SB] [MC] Nhan tx #7: WRITE: rank=1 bg=x bk=x row=0xxxxxx col=0xxxx | DATA[p0=55 p1=55 p2=55 p3=55] MASK[0000]
# UVM_INFO ../tb/ddr5_scoreboard.sv(122) @ 7095000: uvm_test_top.env.scoreboard [SB] [CRC_REF] data=0x55 -> CRC-8 = 0x4d
# UVM_INFO ../tb/ddr5_scoreboard.sv(142) @ 7175000: uvm_test_top.env.scoreboard [SB] [PASS #7] DQ khop: expected=0x55 actual=0x55 | CRC_ref=0x4d
# UVM_INFO ../tb/ddr5_mc_driver.sv(134) @ 8220000: uvm_test_top.env.mc_agent.driver [DRV] drive_write hoan tat
# UVM_INFO ../tb/ddr5_mc_driver.sv(23) @ 8220000: uvm_test_top.env.mc_agent.driver [DRV] Drive: WRITE: rank=1 bg=x bk=x row=0xxxxxx col=0xxxx | DATA[p0=aa p1=aa p2=aa p3=aa] MASK[0000]
# UVM_INFO ../tb/ddr5_mc_monitor.sv(40) @ 8255000: uvm_test_top.env.mc_agent.monitor [MC_MON] Captured WRITE: WRITE: rank=1 bg=x bk=x row=0xxxxxx col=0xxxx | DATA[p0=aa p1=aa p2=aa p3=aa] MASK[0000]
# UVM_INFO ../tb/ddr5_coverage.sv(74) @ 8255000: uvm_test_top.env.coverage [COV] Sample tx: rank=1 data_p0=0xaa mask=0 | W=80.0% F=66.7% M=66.7%
# UVM_INFO ../tb/ddr5_scoreboard.sv(121) @ 8255000: uvm_test_top.env.scoreboard [SB] [MC] Nhan tx #8: WRITE: rank=1 bg=x bk=x row=0xxxxxx col=0xxxx | DATA[p0=aa p1=aa p2=aa p3=aa] MASK[0000]
# UVM_INFO ../tb/ddr5_scoreboard.sv(122) @ 8255000: uvm_test_top.env.scoreboard [SB] [CRC_REF] data=0xaa -> CRC-8 = 0x9a
# UVM_INFO ../tb/ddr5_scoreboard.sv(142) @ 8335000: uvm_test_top.env.scoreboard [SB] [PASS #8] DQ khop: expected=0xaa actual=0xaa | CRC_ref=0x9a
# UVM_INFO ../tb/ddr5_mc_driver.sv(134) @ 9380000: uvm_test_top.env.mc_agent.driver [DRV] drive_write hoan tat
# UVM_INFO ../tb/ddr5_mc_driver.sv(23) @ 9380000: uvm_test_top.env.mc_agent.driver [DRV] Drive: WRITE: rank=0 bg=x bk=x row=0xxxxxx col=0xxxx | DATA[p0=5a p1=5a p2=5a p3=5a] MASK[0000]
# UVM_INFO ../tb/ddr5_mc_monitor.sv(40) @ 9415000: uvm_test_top.env.mc_agent.monitor [MC_MON] Captured WRITE: WRITE: rank=0 bg=x bk=x row=0xxxxxx col=0xxxx | DATA[p0=5a p1=5a p2=5a p3=5a] MASK[0000]
# UVM_INFO ../tb/ddr5_coverage.sv(74) @ 9415000: uvm_test_top.env.coverage [COV] Sample tx: rank=0 data_p0=0x5a mask=0 | W=80.0% F=66.7% M=66.7%
# UVM_INFO ../tb/ddr5_scoreboard.sv(121) @ 9415000: uvm_test_top.env.scoreboard [SB] [MC] Nhan tx #9: WRITE: rank=0 bg=x bk=x row=0xxxxxx col=0xxxx | DATA[p0=5a p1=5a p2=5a p3=5a] MASK[0000]
# UVM_INFO ../tb/ddr5_scoreboard.sv(122) @ 9415000: uvm_test_top.env.scoreboard [SB] [CRC_REF] data=0x5a -> CRC-8 = 0x8e
# UVM_INFO ../tb/ddr5_scoreboard.sv(142) @ 9495000: uvm_test_top.env.scoreboard [SB] [PASS #9] DQ khop: expected=0x5a actual=0x5a | CRC_ref=0x8e
# UVM_INFO ../tb/ddr5_mc_driver.sv(134) @ 10540000: uvm_test_top.env.mc_agent.driver [DRV] drive_write hoan tat
# UVM_INFO ../tb/ddr5_mc_driver.sv(23) @ 10540000: uvm_test_top.env.mc_agent.driver [DRV] Drive: WRITE: rank=0 bg=x bk=x row=0xxxxxx col=0xxxx | DATA[p0=00 p1=bb p2=00 p3=dd] MASK[1010]
# UVM_INFO ../tb/ddr5_mc_monitor.sv(40) @ 10575000: uvm_test_top.env.mc_agent.monitor [MC_MON] Captured WRITE: WRITE: rank=0 bg=x bk=x row=0xxxxxx col=0xxxx | DATA[p0=00 p1=bb p2=00 p3=dd] MASK[1000]
# UVM_INFO ../tb/ddr5_coverage.sv(74) @ 10575000: uvm_test_top.env.coverage [COV] Sample tx: rank=0 data_p0=0x00 mask=1 | W=95.0% F=91.7% M=91.7%
# UVM_INFO ../tb/ddr5_scoreboard.sv(121) @ 10575000: uvm_test_top.env.scoreboard [SB] [MC] Nhan tx #10: WRITE: rank=0 bg=x bk=x row=0xxxxxx col=0xxxx | DATA[p0=00 p1=bb p2=00 p3=dd] MASK[1000]
# UVM_INFO ../tb/ddr5_scoreboard.sv(122) @ 10575000: uvm_test_top.env.scoreboard [SB] [CRC_REF] data=0x00 -> CRC-8 = 0x00
# UVM_INFO ../tb/ddr5_scoreboard.sv(142) @ 10655000: uvm_test_top.env.scoreboard [SB] [PASS #10] DQ khop: expected=0x00 actual=0x00 | CRC_ref=0x00
# UVM_INFO ../tb/ddr5_mc_driver.sv(134) @ 11700000: uvm_test_top.env.mc_agent.driver [DRV] drive_write hoan tat
# UVM_INFO ../tb/ddr5_tests.sv(588) @ 11700000: uvm_test_top.env.mc_agent.sequencer@@seq [SEQ] Hoan thanh: Coverage-Directed Sequence
# UVM_INFO verilog_src/uvm-1.1d/src/base/uvm_objection.svh(1268) @ 12200000: reporter [TEST_DONE] 'run' phase is ready to proceed to the 'extract' phase
# UVM_INFO ../tb/ddr5_coverage.sv(79) @ 12200000: uvm_test_top.env.coverage [COV] ============================================
# UVM_INFO ../tb/ddr5_coverage.sv(80) @ 12200000: uvm_test_top.env.coverage [COV]          BAO CAO FUNCTIONAL COVERAGE
# UVM_INFO ../tb/ddr5_coverage.sv(81) @ 12200000: uvm_test_top.env.coverage [COV] ============================================
# UVM_INFO ../tb/ddr5_coverage.sv(82) @ 12200000: uvm_test_top.env.coverage [COV]   Write coverage     : 95.00%
# UVM_INFO ../tb/ddr5_coverage.sv(83) @ 12200000: uvm_test_top.env.coverage [COV]   FSM coverage       : 91.67%
# UVM_INFO ../tb/ddr5_coverage.sv(84) @ 12200000: uvm_test_top.env.coverage [COV]   Mask coverage      : 91.67%
# UVM_INFO ../tb/ddr5_coverage.sv(85) @ 12200000: uvm_test_top.env.coverage [COV] --------------------------------------------
# UVM_INFO ../tb/ddr5_coverage.sv(86) @ 12200000: uvm_test_top.env.coverage [COV]   cp_rank            : 100.00%
# UVM_INFO ../tb/ddr5_coverage.sv(87) @ 12200000: uvm_test_top.env.coverage [COV]   cp_wrdata_p0       : 100.00%
# UVM_INFO ../tb/ddr5_coverage.sv(88) @ 12200000: uvm_test_top.env.coverage [COV]   cp_mask            : 100.00%
# UVM_INFO ../tb/ddr5_coverage.sv(89) @ 12200000: uvm_test_top.env.coverage [COV]   cx_rank_x_data     : 100.00%
# UVM_INFO ../tb/ddr5_coverage.sv(90) @ 12200000: uvm_test_top.env.coverage [COV]   cx_rank_x_mask     : 75.00%
# UVM_INFO ../tb/ddr5_coverage.sv(91) @ 12200000: uvm_test_top.env.coverage [COV] ============================================
# UVM_INFO ../tb/ddr5_coverage.sv(98) @ 12200000: uvm_test_top.env.coverage [COV] Coverage >= 80% - Dat muc chap nhan duoc
# UVM_INFO ../tb/ddr5_dram_monitor.sv(90) @ 12200000: uvm_test_top.env.dram_agent.monitor [DRAM_MON] Tong so cycle DQ_valid = 130
# UVM_INFO ../tb/ddr5_scoreboard.sv(156) @ 12200000: uvm_test_top.env.scoreboard [SB] ============================================
# UVM_INFO ../tb/ddr5_scoreboard.sv(157) @ 12200000: uvm_test_top.env.scoreboard [SB]          KET QUA XAC MINH
# UVM_INFO ../tb/ddr5_scoreboard.sv(158) @ 12200000: uvm_test_top.env.scoreboard [SB] ============================================
# UVM_INFO ../tb/ddr5_scoreboard.sv(159) @ 12200000: uvm_test_top.env.scoreboard [SB]   Tong giao dich  : 10
# UVM_INFO ../tb/ddr5_scoreboard.sv(160) @ 12200000: uvm_test_top.env.scoreboard [SB]   PASS            : 10
# UVM_INFO ../tb/ddr5_scoreboard.sv(161) @ 12200000: uvm_test_top.env.scoreboard [SB]   FAIL            : 0
# UVM_INFO ../tb/ddr5_scoreboard.sv(162) @ 12200000: uvm_test_top.env.scoreboard [SB] ============================================
# UVM_INFO ../tb/ddr5_scoreboard.sv(164) @ 12200000: uvm_test_top.env.scoreboard [SB] >>> TEST PASSED <<<
#
# --- UVM Report Summary ---
#
# ** Report counts by severity
# UVM_INFO :  100
# UVM_WARNING :    0
# UVM_ERROR :    0
# UVM_FATAL :    0
# ** Report counts by id
# [COV]    24
# [DRAM_MON]     1
# [DRV]    21
# [MC_MON]    10
# [Questa UVM]     2
# [RNTST]     1
# [SB]    38
# [SEQ]     2
# [TEST_DONE]     1
# ** Note: $finish    : E:/ProgramFiles/Questasim/win64/../verilog_src/uvm-1.1d/src/base/uvm_root.svh(430)
#    Time: 12200 ns  Iteration: 54  Instance: /tb_top

=== Log da luu vao: ddr5_coverage_test.log ===
# UVM_INFO ../tb/ddr5_scoreboard.sv(142) @ 215000: uvm_test_top.env.scoreboard [SB] [PASS #1] DQ khop: expected=0x00 actual=0x00 | CRC_ref=0x00
# UVM_INFO ../tb/ddr5_scoreboard.sv(142) @ 1375000: uvm_test_top.env.scoreboard [SB] [PASS #2] DQ khop: expected=0xff actual=0xff | CRC_ref=0xd7
# UVM_INFO ../tb/ddr5_scoreboard.sv(142) @ 2535000: uvm_test_top.env.scoreboard [SB] [PASS #3] DQ khop: expected=0x3c actual=0x3c | CRC_ref=0x05
# UVM_INFO ../tb/ddr5_scoreboard.sv(142) @ 3695000: uvm_test_top.env.scoreboard [SB] [PASS #4] DQ khop: expected=0xa5 actual=0xa5 | CRC_ref=0x59
# UVM_INFO ../tb/ddr5_scoreboard.sv(142) @ 4855000: uvm_test_top.env.scoreboard [SB] [PASS #5] DQ khop: expected=0x00 actual=0x00 | CRC_ref=0x00
# UVM_INFO ../tb/ddr5_scoreboard.sv(142) @ 6015000: uvm_test_top.env.scoreboard [SB] [PASS #6] DQ khop: expected=0xff actual=0xff | CRC_ref=0xd7
# UVM_INFO ../tb/ddr5_scoreboard.sv(142) @ 7175000: uvm_test_top.env.scoreboard [SB] [PASS #7] DQ khop: expected=0x55 actual=0x55 | CRC_ref=0x4d
# UVM_INFO ../tb/ddr5_scoreboard.sv(142) @ 8335000: uvm_test_top.env.scoreboard [SB] [PASS #8] DQ khop: expected=0xaa actual=0xaa | CRC_ref=0x9a
# UVM_INFO ../tb/ddr5_scoreboard.sv(142) @ 9495000: uvm_test_top.env.scoreboard [SB] [PASS #9] DQ khop: expected=0x5a actual=0x5a | CRC_ref=0x8e
# UVM_INFO ../tb/ddr5_scoreboard.sv(142) @ 10655000: uvm_test_top.env.scoreboard [SB] [PASS #10] DQ khop: expected=0x00 actual=0x00 | CRC_ref=0x00
# UVM_INFO ../tb/ddr5_scoreboard.sv(160) @ 12200000: uvm_test_top.env.scoreboard [SB]   PASS            : 10
# UVM_INFO ../tb/ddr5_scoreboard.sv(161) @ 12200000: uvm_test_top.env.scoreboard [SB]   FAIL            : 0
# UVM_INFO ../tb/ddr5_scoreboard.sv(164) @ 12200000: uvm_test_top.env.scoreboard [SB] >>> TEST PASSED <<<
# ** Report counts by severity
# UVM_ERROR :    0
# UVM_FATAL :    0
# ** Report counts by id
make[1]: Leaving directory '/e/tostudy/learned/HK10/Do An Tot Nghiep/practices/ddr5_phy_uvm/sim'
make sim_3200
make[1]: Entering directory '/e/tostudy/learned/HK10/Do An Tot Nghiep/practices/ddr5_phy_uvm/sim'
======================================================
  CHAY: DDR5-3200 Speed Test
  Clock: ~1600 MHz | Period: ~0.624 ns
======================================================
vsim -t 1ps \
    -suppress 3009 \
    -c \
    +UVM_TESTNAME=ddr5_3200_speed_test \
    +UVM_VERBOSITY=UVM_MEDIUM \
    -do "run -all; quit -f;" \
    tb_top_3200 \
    | tee ddr5_3200_speed_test.log
Reading E:/ProgramFiles/Questasim/tcl/vsim/pref.tcl

# 10.2c

# vsim +UVM_TESTNAME=ddr5_3200_speed_test +UVM_VERBOSITY=UVM_MEDIUM -do {run -all; quit -f;} -c -suppress 3009 -t 1ps tb_top_3200
# //  Questa Sim-64
# //  Version 10.2c Unknown Platform Jul 19 2013
# //
# //  Copyright 1991-2013 Mentor Graphics Corporation
# //  All Rights Reserved.
# //
# //  THIS WORK CONTAINS TRADE SECRET AND PROPRIETARY INFORMATION
# //  WHICH IS THE PROPERTY OF MENTOR GRAPHICS CORPORATION OR ITS
# //  LICENSORS AND IS SUBJECT TO LICENSE TERMS.
# //
# Loading sv_std.std
# Loading mtiUvm.uvm_pkg
# Loading work.tb_pkg(fast)
# Loading work.tb_top_3200_sv_unit(fast)
# Loading work.tb_top_3200(fast)
# Loading work.ddr5_phy_if(fast)
# Loading mtiUvm.questa_uvm_pkg(fast)
# Loading E:/ProgramFiles/Questasim/uvm-1.1d\win64\uvm_dpi.dll
# run -all
# ----------------------------------------------------------------
# UVM-1.1d
# (C) 2007-2013 Mentor Graphics Corporation
# (C) 2007-2013 Cadence Design Systems, Inc.
# (C) 2006-2013 Synopsys, Inc.
# (C) 2011-2013 Cypress Semiconductor Corp.
# ----------------------------------------------------------------
#
#   ***********       IMPORTANT RELEASE NOTES         ************
#
#   You are using a version of the UVM library that has been compiled
#   with `UVM_NO_DEPRECATED undefined.
#   See http://www.eda.org/svdb/view.php?id=3313 for more details.
#
#   You are using a version of the UVM library that has been compiled
#   with `UVM_OBJECT_MUST_HAVE_CONSTRUCTOR undefined.
#   See http://www.eda.org/svdb/view.php?id=3770 for more details.
#
#       (Specify +UVM_NO_RELNOTES to turn off this notice)
#
# UVM_INFO verilog_src/questa_uvm_pkg-1.2/src/questa_uvm_pkg.sv(215) @ 0: reporter [Questa UVM] QUESTA_UVM-1.2.2
# UVM_INFO verilog_src/questa_uvm_pkg-1.2/src/questa_uvm_pkg.sv(217) @ 0: reporter [Questa UVM]  questa_uvm::init(+struct)
# ==============================================================
#   SPEED TEST : DDR5-3200
#   Clock      : ~1603 MHz  (half-period = 312 ps)
#   Data Rate  : ~3200 MT/s
# ==============================================================
# UVM_INFO @ 0: reporter [RNTST] Running test ddr5_3200_speed_test...
# UVM_INFO ../tb/ddr5_tests.sv(733) @ 0: uvm_test_top [TEST] ============================================================
# UVM_INFO ../tb/ddr5_tests.sv(734) @ 0: uvm_test_top [TEST]   TARGET : DDR5-3200
# UVM_INFO ../tb/ddr5_tests.sv(735) @ 0: uvm_test_top [TEST]   Clock  : ~1603 MHz  (half-period = 312 ps)
# UVM_INFO ../tb/ddr5_tests.sv(736) @ 0: uvm_test_top [TEST]   Rate   : ~3200 MT/s
# UVM_INFO ../tb/ddr5_tests.sv(737) @ 0: uvm_test_top [TEST] ============================================================
# UVM_INFO ../tb/ddr5_tests.sv(680) @ 0: uvm_test_top.env.mc_agent.sequencer@@seq [SEQ] === BAT DAU SPEED TEST: DDR5-3200 | Clock ~1603 MHz | Period ~624 ps | Data Rate ~3200 MT/s ===
# UVM_INFO ../tb/ddr5_mc_driver.sv(66) @ 6240: uvm_test_top.env.mc_agent.driver [DRV] Reset hoan tat, DUT san sang
# UVM_INFO ../tb/ddr5_mc_driver.sv(23) @ 6240: uvm_test_top.env.mc_agent.driver [DRV] Drive: WRITE: rank=0 bg=x bk=x row=0xxxxxx col=0xxxx | DATA[p0=ab p1=cd p2=ef p3=12] MASK[0000]
# UVM_INFO ../tb/ddr5_mc_monitor.sv(40) @ 8424: uvm_test_top.env.mc_agent.monitor [MC_MON] Captured WRITE: WRITE: rank=0 bg=x bk=x row=0xxxxxx col=0xxxx | DATA[p0=ab p1=cd p2=ef p3=12] MASK[0000]
# UVM_INFO ../tb/ddr5_coverage.sv(74) @ 8424: uvm_test_top.env.coverage [COV] Sample tx: rank=0 data_p0=0xab mask=0 | W=32.5% F=41.7% M=41.7%
# UVM_INFO ../tb/ddr5_scoreboard.sv(121) @ 8424: uvm_test_top.env.scoreboard [SB] [MC] Nhan tx #1: WRITE: rank=0 bg=x bk=x row=0xxxxxx col=0xxxx | DATA[p0=ab p1=cd p2=ef p3=12] MASK[0000]
# UVM_INFO ../tb/ddr5_scoreboard.sv(122) @ 8424: uvm_test_top.env.scoreboard [SB] [CRC_REF] data=0xab -> CRC-8 = 0x72
# UVM_INFO ../tb/ddr5_scoreboard.sv(142) @ 13416: uvm_test_top.env.scoreboard [SB] [PASS #1] DQ khop: expected=0xab actual=0xab | CRC_ref=0x72
# UVM_INFO ../tb/ddr5_mc_driver.sv(134) @ 78624: uvm_test_top.env.mc_agent.driver [DRV] drive_write hoan tat
# UVM_INFO ../tb/ddr5_mc_driver.sv(23) @ 78624: uvm_test_top.env.mc_agent.driver [DRV] Drive: WRITE: rank=0 bg=x bk=x row=0xxxxxx col=0xxxx | DATA[p0=3c p1=3c p2=3c p3=3c] MASK[0000]
# UVM_INFO ../tb/ddr5_mc_monitor.sv(40) @ 80808: uvm_test_top.env.mc_agent.monitor [MC_MON] Captured WRITE: WRITE: rank=0 bg=x bk=x row=0xxxxxx col=0xxxx | DATA[p0=3c p1=3c p2=3c p3=3c] MASK[0000]
# UVM_INFO ../tb/ddr5_coverage.sv(74) @ 80808: uvm_test_top.env.coverage [COV] Sample tx: rank=0 data_p0=0x3c mask=0 | W=40.0% F=41.7% M=41.7%
# UVM_INFO ../tb/ddr5_scoreboard.sv(121) @ 80808: uvm_test_top.env.scoreboard [SB] [MC] Nhan tx #2: WRITE: rank=0 bg=x bk=x row=0xxxxxx col=0xxxx | DATA[p0=3c p1=3c p2=3c p3=3c] MASK[0000]
# UVM_INFO ../tb/ddr5_scoreboard.sv(122) @ 80808: uvm_test_top.env.scoreboard [SB] [CRC_REF] data=0x3c -> CRC-8 = 0x05
# UVM_INFO ../tb/ddr5_scoreboard.sv(142) @ 85800: uvm_test_top.env.scoreboard [SB] [PASS #2] DQ khop: expected=0x3c actual=0x3c | CRC_ref=0x05
# UVM_INFO ../tb/ddr5_mc_driver.sv(134) @ 151008: uvm_test_top.env.mc_agent.driver [DRV] drive_write hoan tat
# UVM_INFO ../tb/ddr5_mc_driver.sv(23) @ 151008: uvm_test_top.env.mc_agent.driver [DRV] Drive: WRITE: rank=0 bg=x bk=x row=0xxxxxx col=0xxxx | DATA[p0=00 p1=00 p2=00 p3=00] MASK[0000]
# UVM_INFO ../tb/ddr5_mc_monitor.sv(40) @ 153192: uvm_test_top.env.mc_agent.monitor [MC_MON] Captured WRITE: WRITE: rank=0 bg=x bk=x row=0xxxxxx col=0xxxx | DATA[p0=00 p1=00 p2=00 p3=00] MASK[0000]
# UVM_INFO ../tb/ddr5_coverage.sv(74) @ 153192: uvm_test_top.env.coverage [COV] Sample tx: rank=0 data_p0=0x00 mask=0 | W=47.5% F=41.7% M=41.7%
# UVM_INFO ../tb/ddr5_scoreboard.sv(121) @ 153192: uvm_test_top.env.scoreboard [SB] [MC] Nhan tx #3: WRITE: rank=0 bg=x bk=x row=0xxxxxx col=0xxxx | DATA[p0=00 p1=00 p2=00 p3=00] MASK[0000]
# UVM_INFO ../tb/ddr5_scoreboard.sv(122) @ 153192: uvm_test_top.env.scoreboard [SB] [CRC_REF] data=0x00 -> CRC-8 = 0x00
# UVM_INFO ../tb/ddr5_scoreboard.sv(142) @ 158184: uvm_test_top.env.scoreboard [SB] [PASS #3] DQ khop: expected=0x00 actual=0x00 | CRC_ref=0x00
# UVM_INFO ../tb/ddr5_mc_driver.sv(134) @ 223392: uvm_test_top.env.mc_agent.driver [DRV] drive_write hoan tat
# UVM_INFO ../tb/ddr5_mc_driver.sv(23) @ 223392: uvm_test_top.env.mc_agent.driver [DRV] Drive: WRITE: rank=0 bg=x bk=x row=0xxxxxx col=0xxxx | DATA[p0=ff p1=ff p2=ff p3=ff] MASK[0000]
# UVM_INFO ../tb/ddr5_mc_monitor.sv(40) @ 225576: uvm_test_top.env.mc_agent.monitor [MC_MON] Captured WRITE: WRITE: rank=0 bg=x bk=x row=0xxxxxx col=0xxxx | DATA[p0=ff p1=ff p2=ff p3=ff] MASK[0000]
# UVM_INFO ../tb/ddr5_coverage.sv(74) @ 225576: uvm_test_top.env.coverage [COV] Sample tx: rank=0 data_p0=0xff mask=0 | W=55.0% F=41.7% M=41.7%
# UVM_INFO ../tb/ddr5_scoreboard.sv(121) @ 225576: uvm_test_top.env.scoreboard [SB] [MC] Nhan tx #4: WRITE: rank=0 bg=x bk=x row=0xxxxxx col=0xxxx | DATA[p0=ff p1=ff p2=ff p3=ff] MASK[0000]
# UVM_INFO ../tb/ddr5_scoreboard.sv(122) @ 225576: uvm_test_top.env.scoreboard [SB] [CRC_REF] data=0xff -> CRC-8 = 0xd7
# UVM_INFO ../tb/ddr5_scoreboard.sv(142) @ 230568: uvm_test_top.env.scoreboard [SB] [PASS #4] DQ khop: expected=0xff actual=0xff | CRC_ref=0xd7
# UVM_INFO ../tb/ddr5_mc_driver.sv(134) @ 295776: uvm_test_top.env.mc_agent.driver [DRV] drive_write hoan tat
# UVM_INFO ../tb/ddr5_mc_driver.sv(23) @ 295776: uvm_test_top.env.mc_agent.driver [DRV] Drive: WRITE: rank=0 bg=x bk=x row=0xxxxxx col=0xxxx | DATA[p0=11 p1=22 p2=33 p3=44] MASK[1010]
# UVM_INFO ../tb/ddr5_mc_monitor.sv(40) @ 297960: uvm_test_top.env.mc_agent.monitor [MC_MON] Captured WRITE: WRITE: rank=0 bg=x bk=x row=0xxxxxx col=0xxxx | DATA[p0=11 p1=22 p2=33 p3=44] MASK[1000]
# UVM_INFO ../tb/ddr5_coverage.sv(74) @ 297960: uvm_test_top.env.coverage [COV] Sample tx: rank=0 data_p0=0x11 mask=1 | W=70.0% F=66.7% M=66.7%
# UVM_INFO ../tb/ddr5_scoreboard.sv(121) @ 297960: uvm_test_top.env.scoreboard [SB] [MC] Nhan tx #5: WRITE: rank=0 bg=x bk=x row=0xxxxxx col=0xxxx | DATA[p0=11 p1=22 p2=33 p3=44] MASK[1000]
# UVM_INFO ../tb/ddr5_scoreboard.sv(122) @ 297960: uvm_test_top.env.scoreboard [SB] [CRC_REF] data=0x11 -> CRC-8 = 0x42
# UVM_INFO ../tb/ddr5_scoreboard.sv(142) @ 302952: uvm_test_top.env.scoreboard [SB] [PASS #5] DQ khop: expected=0x11 actual=0x11 | CRC_ref=0x42
# UVM_INFO ../tb/ddr5_mc_driver.sv(134) @ 368160: uvm_test_top.env.mc_agent.driver [DRV] drive_write hoan tat
# UVM_INFO ../tb/ddr5_mc_driver.sv(23) @ 368160: uvm_test_top.env.mc_agent.driver [DRV] Drive: WRITE: rank=1 bg=x bk=x row=0xxxxxx col=0xxxx | DATA[p0=de p1=ad p2=be p3=ef] MASK[0000]
# UVM_INFO ../tb/ddr5_mc_monitor.sv(40) @ 370344: uvm_test_top.env.mc_agent.monitor [MC_MON] Captured WRITE: WRITE: rank=1 bg=x bk=x row=0xxxxxx col=0xxxx | DATA[p0=de p1=ad p2=be p3=ef] MASK[0000]
# UVM_INFO ../tb/ddr5_coverage.sv(74) @ 370344: uvm_test_top.env.coverage [COV] Sample tx: rank=1 data_p0=0xde mask=0 | W=87.5% F=91.7% M=91.7%
# UVM_INFO ../tb/ddr5_scoreboard.sv(121) @ 370344: uvm_test_top.env.scoreboard [SB] [MC] Nhan tx #6: WRITE: rank=1 bg=x bk=x row=0xxxxxx col=0xxxx | DATA[p0=de p1=ad p2=be p3=ef] MASK[0000]
# UVM_INFO ../tb/ddr5_scoreboard.sv(122) @ 370344: uvm_test_top.env.scoreboard [SB] [CRC_REF] data=0xde -> CRC-8 = 0x6c
# UVM_INFO ../tb/ddr5_scoreboard.sv(142) @ 375336: uvm_test_top.env.scoreboard [SB] [PASS #6] DQ khop: expected=0xde actual=0xde | CRC_ref=0x6c
# UVM_INFO ../tb/ddr5_mc_driver.sv(134) @ 440544: uvm_test_top.env.mc_agent.driver [DRV] drive_write hoan tat
# UVM_INFO ../tb/ddr5_mc_driver.sv(23) @ 440544: uvm_test_top.env.mc_agent.driver [DRV] Drive: WRITE: rank=1 bg=x bk=x row=0xxxxxx col=0xxxx | DATA[p0=55 p1=66 p2=77 p3=88] MASK[0000]
# UVM_INFO ../tb/ddr5_mc_monitor.sv(40) @ 442728: uvm_test_top.env.mc_agent.monitor [MC_MON] Captured WRITE: WRITE: rank=1 bg=x bk=x row=0xxxxxx col=0xxxx | DATA[p0=55 p1=66 p2=77 p3=88] MASK[0000]
# UVM_INFO ../tb/ddr5_coverage.sv(74) @ 442728: uvm_test_top.env.coverage [COV] Sample tx: rank=1 data_p0=0x55 mask=0 | W=90.0% F=91.7% M=91.7%
# UVM_INFO ../tb/ddr5_scoreboard.sv(121) @ 442728: uvm_test_top.env.scoreboard [SB] [MC] Nhan tx #7: WRITE: rank=1 bg=x bk=x row=0xxxxxx col=0xxxx | DATA[p0=55 p1=66 p2=77 p3=88] MASK[0000]
# UVM_INFO ../tb/ddr5_scoreboard.sv(122) @ 442728: uvm_test_top.env.scoreboard [SB] [CRC_REF] data=0x55 -> CRC-8 = 0x4d
# UVM_INFO ../tb/ddr5_scoreboard.sv(142) @ 447720: uvm_test_top.env.scoreboard [SB] [PASS #7] DQ khop: expected=0x55 actual=0x55 | CRC_ref=0x4d
# UVM_INFO ../tb/ddr5_mc_driver.sv(134) @ 512928: uvm_test_top.env.mc_agent.driver [DRV] drive_write hoan tat
# UVM_INFO ../tb/ddr5_mc_driver.sv(23) @ 512928: uvm_test_top.env.mc_agent.driver [DRV] Drive: WRITE: rank=1 bg=x bk=x row=0xxxxxx col=0xxxx | DATA[p0=00 p1=00 p2=00 p3=00] MASK[0000]
# UVM_INFO ../tb/ddr5_mc_monitor.sv(40) @ 515112: uvm_test_top.env.mc_agent.monitor [MC_MON] Captured WRITE: WRITE: rank=1 bg=x bk=x row=0xxxxxx col=0xxxx | DATA[p0=00 p1=00 p2=00 p3=00] MASK[0000]
# UVM_INFO ../tb/ddr5_coverage.sv(74) @ 515112: uvm_test_top.env.coverage [COV] Sample tx: rank=1 data_p0=0x00 mask=0 | W=92.5% F=91.7% M=91.7%
# UVM_INFO ../tb/ddr5_scoreboard.sv(121) @ 515112: uvm_test_top.env.scoreboard [SB] [MC] Nhan tx #8: WRITE: rank=1 bg=x bk=x row=0xxxxxx col=0xxxx | DATA[p0=00 p1=00 p2=00 p3=00] MASK[0000]
# UVM_INFO ../tb/ddr5_scoreboard.sv(122) @ 515112: uvm_test_top.env.scoreboard [SB] [CRC_REF] data=0x00 -> CRC-8 = 0x00
# UVM_INFO ../tb/ddr5_scoreboard.sv(142) @ 520104: uvm_test_top.env.scoreboard [SB] [PASS #8] DQ khop: expected=0x00 actual=0x00 | CRC_ref=0x00
# UVM_INFO ../tb/ddr5_mc_driver.sv(134) @ 585312: uvm_test_top.env.mc_agent.driver [DRV] drive_write hoan tat
# UVM_INFO ../tb/ddr5_mc_driver.sv(23) @ 585312: uvm_test_top.env.mc_agent.driver [DRV] Drive: WRITE: rank=1 bg=x bk=x row=0xxxxxx col=0xxxx | DATA[p0=ff p1=ff p2=ff p3=ff] MASK[1010]
# UVM_INFO ../tb/ddr5_mc_monitor.sv(40) @ 587496: uvm_test_top.env.mc_agent.monitor [MC_MON] Captured WRITE: WRITE: rank=1 bg=x bk=x row=0xxxxxx col=0xxxx | DATA[p0=ff p1=ff p2=ff p3=ff] MASK[1000]
# UVM_INFO ../tb/ddr5_coverage.sv(74) @ 587496: uvm_test_top.env.coverage [COV] Sample tx: rank=1 data_p0=0xff mask=1 | W=100.0% F=100.0% M=100.0%
# UVM_INFO ../tb/ddr5_scoreboard.sv(121) @ 587496: uvm_test_top.env.scoreboard [SB] [MC] Nhan tx #9: WRITE: rank=1 bg=x bk=x row=0xxxxxx col=0xxxx | DATA[p0=ff p1=ff p2=ff p3=ff] MASK[1000]
# UVM_INFO ../tb/ddr5_scoreboard.sv(122) @ 587496: uvm_test_top.env.scoreboard [SB] [CRC_REF] data=0xff -> CRC-8 = 0xd7
# UVM_INFO ../tb/ddr5_scoreboard.sv(142) @ 592488: uvm_test_top.env.scoreboard [SB] [PASS #9] DQ khop: expected=0xff actual=0xff | CRC_ref=0xd7
# UVM_INFO ../tb/ddr5_mc_driver.sv(134) @ 657696: uvm_test_top.env.mc_agent.driver [DRV] drive_write hoan tat
# UVM_INFO ../tb/ddr5_tests.sv(711) @ 657696: uvm_test_top.env.mc_agent.sequencer@@seq [SEQ] === HOAN THANH SPEED TEST: DDR5-3200 | Clock ~1603 MHz | Period ~624 ps | Data Rate ~3200 MT/s ===
# UVM_INFO verilog_src/uvm-1.1d/src/base/uvm_objection.svh(1268) @ 1157696: reporter [TEST_DONE] 'run' phase is ready to proceed to the 'extract' phase
# UVM_INFO ../tb/ddr5_coverage.sv(79) @ 1157696: uvm_test_top.env.coverage [COV] ============================================
# UVM_INFO ../tb/ddr5_coverage.sv(80) @ 1157696: uvm_test_top.env.coverage [COV]          BAO CAO FUNCTIONAL COVERAGE
# UVM_INFO ../tb/ddr5_coverage.sv(81) @ 1157696: uvm_test_top.env.coverage [COV] ============================================
# UVM_INFO ../tb/ddr5_coverage.sv(82) @ 1157696: uvm_test_top.env.coverage [COV]   Write coverage     : 100.00%
# UVM_INFO ../tb/ddr5_coverage.sv(83) @ 1157696: uvm_test_top.env.coverage [COV]   FSM coverage       : 100.00%
# UVM_INFO ../tb/ddr5_coverage.sv(84) @ 1157696: uvm_test_top.env.coverage [COV]   Mask coverage      : 100.00%
# UVM_INFO ../tb/ddr5_coverage.sv(85) @ 1157696: uvm_test_top.env.coverage [COV] --------------------------------------------
# UVM_INFO ../tb/ddr5_coverage.sv(86) @ 1157696: uvm_test_top.env.coverage [COV]   cp_rank            : 100.00%
# UVM_INFO ../tb/ddr5_coverage.sv(87) @ 1157696: uvm_test_top.env.coverage [COV]   cp_wrdata_p0       : 100.00%
# UVM_INFO ../tb/ddr5_coverage.sv(88) @ 1157696: uvm_test_top.env.coverage [COV]   cp_mask            : 100.00%
# UVM_INFO ../tb/ddr5_coverage.sv(89) @ 1157696: uvm_test_top.env.coverage [COV]   cx_rank_x_data     : 100.00%
# UVM_INFO ../tb/ddr5_coverage.sv(90) @ 1157696: uvm_test_top.env.coverage [COV]   cx_rank_x_mask     : 100.00%
# UVM_INFO ../tb/ddr5_coverage.sv(91) @ 1157696: uvm_test_top.env.coverage [COV] ============================================
# UVM_INFO ../tb/ddr5_coverage.sv(100) @ 1157696: uvm_test_top.env.coverage [COV] Coverage = 100% - Hoan hao!
# UVM_INFO ../tb/ddr5_dram_monitor.sv(90) @ 1157696: uvm_test_top.env.dram_agent.monitor [DRAM_MON] Tong so cycle DQ_valid = 117
# UVM_INFO ../tb/ddr5_scoreboard.sv(156) @ 1157696: uvm_test_top.env.scoreboard [SB] ============================================
# UVM_INFO ../tb/ddr5_scoreboard.sv(157) @ 1157696: uvm_test_top.env.scoreboard [SB]          KET QUA XAC MINH
# UVM_INFO ../tb/ddr5_scoreboard.sv(158) @ 1157696: uvm_test_top.env.scoreboard [SB] ============================================
# UVM_INFO ../tb/ddr5_scoreboard.sv(159) @ 1157696: uvm_test_top.env.scoreboard [SB]   Tong giao dich  : 9
# UVM_INFO ../tb/ddr5_scoreboard.sv(160) @ 1157696: uvm_test_top.env.scoreboard [SB]   PASS            : 9
# UVM_INFO ../tb/ddr5_scoreboard.sv(161) @ 1157696: uvm_test_top.env.scoreboard [SB]   FAIL            : 0
# UVM_INFO ../tb/ddr5_scoreboard.sv(162) @ 1157696: uvm_test_top.env.scoreboard [SB] ============================================
# UVM_INFO ../tb/ddr5_scoreboard.sv(164) @ 1157696: uvm_test_top.env.scoreboard [SB] >>> TEST PASSED <<<
#
# --- UVM Report Summary ---
#
# ** Report counts by severity
# UVM_INFO :   98
# UVM_WARNING :    0
# UVM_ERROR :    0
# UVM_FATAL :    0
# ** Report counts by id
# [COV]    23
# [DRAM_MON]     1
# [DRV]    19
# [MC_MON]     9
# [Questa UVM]     2
# [RNTST]     1
# [SB]    35
# [SEQ]     2
# [TEST]     5
# [TEST_DONE]     1
# ** Note: $finish    : E:/ProgramFiles/Questasim/win64/../verilog_src/uvm-1.1d/src/base/uvm_root.svh(430)
#    Time: 1157696 ps  Iteration: 54  Instance: /tb_top_3200

=== Log da luu vao: ddr5_3200_speed_test.log ===
# UVM_INFO ../tb/ddr5_scoreboard.sv(142) @ 13416: uvm_test_top.env.scoreboard [SB] [PASS #1] DQ khop: expected=0xab actual=0xab | CRC_ref=0x72
# UVM_INFO ../tb/ddr5_scoreboard.sv(142) @ 85800: uvm_test_top.env.scoreboard [SB] [PASS #2] DQ khop: expected=0x3c actual=0x3c | CRC_ref=0x05
# UVM_INFO ../tb/ddr5_scoreboard.sv(142) @ 158184: uvm_test_top.env.scoreboard [SB] [PASS #3] DQ khop: expected=0x00 actual=0x00 | CRC_ref=0x00
# UVM_INFO ../tb/ddr5_scoreboard.sv(142) @ 230568: uvm_test_top.env.scoreboard [SB] [PASS #4] DQ khop: expected=0xff actual=0xff | CRC_ref=0xd7
# UVM_INFO ../tb/ddr5_scoreboard.sv(142) @ 302952: uvm_test_top.env.scoreboard [SB] [PASS #5] DQ khop: expected=0x11 actual=0x11 | CRC_ref=0x42
# UVM_INFO ../tb/ddr5_scoreboard.sv(142) @ 375336: uvm_test_top.env.scoreboard [SB] [PASS #6] DQ khop: expected=0xde actual=0xde | CRC_ref=0x6c
# UVM_INFO ../tb/ddr5_scoreboard.sv(142) @ 447720: uvm_test_top.env.scoreboard [SB] [PASS #7] DQ khop: expected=0x55 actual=0x55 | CRC_ref=0x4d
# UVM_INFO ../tb/ddr5_scoreboard.sv(142) @ 520104: uvm_test_top.env.scoreboard [SB] [PASS #8] DQ khop: expected=0x00 actual=0x00 | CRC_ref=0x00
# UVM_INFO ../tb/ddr5_scoreboard.sv(142) @ 592488: uvm_test_top.env.scoreboard [SB] [PASS #9] DQ khop: expected=0xff actual=0xff | CRC_ref=0xd7
# UVM_INFO ../tb/ddr5_scoreboard.sv(160) @ 1157696: uvm_test_top.env.scoreboard [SB]   PASS            : 9
# UVM_INFO ../tb/ddr5_scoreboard.sv(161) @ 1157696: uvm_test_top.env.scoreboard [SB]   FAIL            : 0
# UVM_INFO ../tb/ddr5_scoreboard.sv(164) @ 1157696: uvm_test_top.env.scoreboard [SB] >>> TEST PASSED <<<
# ** Report counts by severity
# UVM_ERROR :    0
# UVM_FATAL :    0
# ** Report counts by id
make[1]: Leaving directory '/e/tostudy/learned/HK10/Do An Tot Nghiep/practices/ddr5_phy_uvm/sim'
make sim_6400
make[1]: Entering directory '/e/tostudy/learned/HK10/Do An Tot Nghiep/practices/ddr5_phy_uvm/sim'
======================================================
  CHAY: DDR5-6400 Speed Test
  Clock: ~3200 MHz | Period: ~0.312 ns
======================================================
vsim -t 1ps \
    -suppress 3009 \
    -c \
    +UVM_TESTNAME=ddr5_6400_speed_test \
    +UVM_VERBOSITY=UVM_MEDIUM \
    -do "run -all; quit -f;" \
    tb_top_6400 \
    | tee ddr5_6400_speed_test.log
Reading E:/ProgramFiles/Questasim/tcl/vsim/pref.tcl

# 10.2c

# vsim +UVM_TESTNAME=ddr5_6400_speed_test +UVM_VERBOSITY=UVM_MEDIUM -do {run -all; quit -f;} -c -suppress 3009 -t 1ps tb_top_6400
# //  Questa Sim-64
# //  Version 10.2c Unknown Platform Jul 19 2013
# //
# //  Copyright 1991-2013 Mentor Graphics Corporation
# //  All Rights Reserved.
# //
# //  THIS WORK CONTAINS TRADE SECRET AND PROPRIETARY INFORMATION
# //  WHICH IS THE PROPERTY OF MENTOR GRAPHICS CORPORATION OR ITS
# //  LICENSORS AND IS SUBJECT TO LICENSE TERMS.
# //
# Loading sv_std.std
# Loading mtiUvm.uvm_pkg
# Loading work.tb_pkg(fast)
# Loading work.tb_top_6400_sv_unit(fast)
# Loading work.tb_top_6400(fast)
# Loading work.ddr5_phy_if(fast)
# Loading mtiUvm.questa_uvm_pkg(fast)
# Loading E:/ProgramFiles/Questasim/uvm-1.1d\win64\uvm_dpi.dll
# run -all
# ----------------------------------------------------------------
# UVM-1.1d
# (C) 2007-2013 Mentor Graphics Corporation
# (C) 2007-2013 Cadence Design Systems, Inc.
# (C) 2006-2013 Synopsys, Inc.
# (C) 2011-2013 Cypress Semiconductor Corp.
# ----------------------------------------------------------------
#
#   ***********       IMPORTANT RELEASE NOTES         ************
#
#   You are using a version of the UVM library that has been compiled
#   with `UVM_NO_DEPRECATED undefined.
#   See http://www.eda.org/svdb/view.php?id=3313 for more details.
#
#   You are using a version of the UVM library that has been compiled
#   with `UVM_OBJECT_MUST_HAVE_CONSTRUCTOR undefined.
#   See http://www.eda.org/svdb/view.php?id=3770 for more details.
#
#       (Specify +UVM_NO_RELNOTES to turn off this notice)
#
# UVM_INFO verilog_src/questa_uvm_pkg-1.2/src/questa_uvm_pkg.sv(215) @ 0: reporter [Questa UVM] QUESTA_UVM-1.2.2
# UVM_INFO verilog_src/questa_uvm_pkg-1.2/src/questa_uvm_pkg.sv(217) @ 0: reporter [Questa UVM]  questa_uvm::init(+struct)
# ==============================================================
#   SPEED TEST : DDR5-6400
#   Clock      : ~3205 MHz  (half-period = 156 ps)
#   Data Rate  : ~6400 MT/s
# ==============================================================
# UVM_INFO @ 0: reporter [RNTST] Running test ddr5_6400_speed_test...
# UVM_INFO ../tb/ddr5_tests.sv(762) @ 0: uvm_test_top [TEST] ============================================================
# UVM_INFO ../tb/ddr5_tests.sv(763) @ 0: uvm_test_top [TEST]   TARGET : DDR5-6400
# UVM_INFO ../tb/ddr5_tests.sv(764) @ 0: uvm_test_top [TEST]   Clock  : ~3205 MHz  (half-period = 156 ps)
# UVM_INFO ../tb/ddr5_tests.sv(765) @ 0: uvm_test_top [TEST]   Rate   : ~6400 MT/s
# UVM_INFO ../tb/ddr5_tests.sv(766) @ 0: uvm_test_top [TEST] ============================================================
# UVM_INFO ../tb/ddr5_tests.sv(680) @ 0: uvm_test_top.env.mc_agent.sequencer@@seq [SEQ] === BAT DAU SPEED TEST: DDR5-6400 | Clock ~3205 MHz | Period ~312 ps | Data Rate ~6400 MT/s ===
# UVM_INFO ../tb/ddr5_mc_driver.sv(66) @ 3120: uvm_test_top.env.mc_agent.driver [DRV] Reset hoan tat, DUT san sang
# UVM_INFO ../tb/ddr5_mc_driver.sv(23) @ 3120: uvm_test_top.env.mc_agent.driver [DRV] Drive: WRITE: rank=0 bg=x bk=x row=0xxxxxx col=0xxxx | DATA[p0=ab p1=cd p2=ef p3=12] MASK[0000]
# UVM_INFO ../tb/ddr5_mc_monitor.sv(40) @ 4212: uvm_test_top.env.mc_agent.monitor [MC_MON] Captured WRITE: WRITE: rank=0 bg=x bk=x row=0xxxxxx col=0xxxx | DATA[p0=ab p1=cd p2=ef p3=12] MASK[0000]
# UVM_INFO ../tb/ddr5_coverage.sv(74) @ 4212: uvm_test_top.env.coverage [COV] Sample tx: rank=0 data_p0=0xab mask=0 | W=32.5% F=41.7% M=41.7%
# UVM_INFO ../tb/ddr5_scoreboard.sv(121) @ 4212: uvm_test_top.env.scoreboard [SB] [MC] Nhan tx #1: WRITE: rank=0 bg=x bk=x row=0xxxxxx col=0xxxx | DATA[p0=ab p1=cd p2=ef p3=12] MASK[0000]
# UVM_INFO ../tb/ddr5_scoreboard.sv(122) @ 4212: uvm_test_top.env.scoreboard [SB] [CRC_REF] data=0xab -> CRC-8 = 0x72
# UVM_INFO ../tb/ddr5_scoreboard.sv(142) @ 6708: uvm_test_top.env.scoreboard [SB] [PASS #1] DQ khop: expected=0xab actual=0xab | CRC_ref=0x72
# UVM_INFO ../tb/ddr5_mc_driver.sv(134) @ 39312: uvm_test_top.env.mc_agent.driver [DRV] drive_write hoan tat
# UVM_INFO ../tb/ddr5_mc_driver.sv(23) @ 39312: uvm_test_top.env.mc_agent.driver [DRV] Drive: WRITE: rank=0 bg=x bk=x row=0xxxxxx col=0xxxx | DATA[p0=3c p1=3c p2=3c p3=3c] MASK[0000]
# UVM_INFO ../tb/ddr5_mc_monitor.sv(40) @ 40404: uvm_test_top.env.mc_agent.monitor [MC_MON] Captured WRITE: WRITE: rank=0 bg=x bk=x row=0xxxxxx col=0xxxx | DATA[p0=3c p1=3c p2=3c p3=3c] MASK[0000]
# UVM_INFO ../tb/ddr5_coverage.sv(74) @ 40404: uvm_test_top.env.coverage [COV] Sample tx: rank=0 data_p0=0x3c mask=0 | W=40.0% F=41.7% M=41.7%
# UVM_INFO ../tb/ddr5_scoreboard.sv(121) @ 40404: uvm_test_top.env.scoreboard [SB] [MC] Nhan tx #2: WRITE: rank=0 bg=x bk=x row=0xxxxxx col=0xxxx | DATA[p0=3c p1=3c p2=3c p3=3c] MASK[0000]
# UVM_INFO ../tb/ddr5_scoreboard.sv(122) @ 40404: uvm_test_top.env.scoreboard [SB] [CRC_REF] data=0x3c -> CRC-8 = 0x05
# UVM_INFO ../tb/ddr5_scoreboard.sv(142) @ 42900: uvm_test_top.env.scoreboard [SB] [PASS #2] DQ khop: expected=0x3c actual=0x3c | CRC_ref=0x05
# UVM_INFO ../tb/ddr5_mc_driver.sv(134) @ 75504: uvm_test_top.env.mc_agent.driver [DRV] drive_write hoan tat
# UVM_INFO ../tb/ddr5_mc_driver.sv(23) @ 75504: uvm_test_top.env.mc_agent.driver [DRV] Drive: WRITE: rank=0 bg=x bk=x row=0xxxxxx col=0xxxx | DATA[p0=00 p1=00 p2=00 p3=00] MASK[0000]
# UVM_INFO ../tb/ddr5_mc_monitor.sv(40) @ 76596: uvm_test_top.env.mc_agent.monitor [MC_MON] Captured WRITE: WRITE: rank=0 bg=x bk=x row=0xxxxxx col=0xxxx | DATA[p0=00 p1=00 p2=00 p3=00] MASK[0000]
# UVM_INFO ../tb/ddr5_coverage.sv(74) @ 76596: uvm_test_top.env.coverage [COV] Sample tx: rank=0 data_p0=0x00 mask=0 | W=47.5% F=41.7% M=41.7%
# UVM_INFO ../tb/ddr5_scoreboard.sv(121) @ 76596: uvm_test_top.env.scoreboard [SB] [MC] Nhan tx #3: WRITE: rank=0 bg=x bk=x row=0xxxxxx col=0xxxx | DATA[p0=00 p1=00 p2=00 p3=00] MASK[0000]
# UVM_INFO ../tb/ddr5_scoreboard.sv(122) @ 76596: uvm_test_top.env.scoreboard [SB] [CRC_REF] data=0x00 -> CRC-8 = 0x00
# UVM_INFO ../tb/ddr5_scoreboard.sv(142) @ 79092: uvm_test_top.env.scoreboard [SB] [PASS #3] DQ khop: expected=0x00 actual=0x00 | CRC_ref=0x00
# UVM_INFO ../tb/ddr5_mc_driver.sv(134) @ 111696: uvm_test_top.env.mc_agent.driver [DRV] drive_write hoan tat
# UVM_INFO ../tb/ddr5_mc_driver.sv(23) @ 111696: uvm_test_top.env.mc_agent.driver [DRV] Drive: WRITE: rank=0 bg=x bk=x row=0xxxxxx col=0xxxx | DATA[p0=ff p1=ff p2=ff p3=ff] MASK[0000]
# UVM_INFO ../tb/ddr5_mc_monitor.sv(40) @ 112788: uvm_test_top.env.mc_agent.monitor [MC_MON] Captured WRITE: WRITE: rank=0 bg=x bk=x row=0xxxxxx col=0xxxx | DATA[p0=ff p1=ff p2=ff p3=ff] MASK[0000]
# UVM_INFO ../tb/ddr5_coverage.sv(74) @ 112788: uvm_test_top.env.coverage [COV] Sample tx: rank=0 data_p0=0xff mask=0 | W=55.0% F=41.7% M=41.7%
# UVM_INFO ../tb/ddr5_scoreboard.sv(121) @ 112788: uvm_test_top.env.scoreboard [SB] [MC] Nhan tx #4: WRITE: rank=0 bg=x bk=x row=0xxxxxx col=0xxxx | DATA[p0=ff p1=ff p2=ff p3=ff] MASK[0000]
# UVM_INFO ../tb/ddr5_scoreboard.sv(122) @ 112788: uvm_test_top.env.scoreboard [SB] [CRC_REF] data=0xff -> CRC-8 = 0xd7
# UVM_INFO ../tb/ddr5_scoreboard.sv(142) @ 115284: uvm_test_top.env.scoreboard [SB] [PASS #4] DQ khop: expected=0xff actual=0xff | CRC_ref=0xd7
# UVM_INFO ../tb/ddr5_mc_driver.sv(134) @ 147888: uvm_test_top.env.mc_agent.driver [DRV] drive_write hoan tat
# UVM_INFO ../tb/ddr5_mc_driver.sv(23) @ 147888: uvm_test_top.env.mc_agent.driver [DRV] Drive: WRITE: rank=0 bg=x bk=x row=0xxxxxx col=0xxxx | DATA[p0=11 p1=22 p2=33 p3=44] MASK[1010]
# UVM_INFO ../tb/ddr5_mc_monitor.sv(40) @ 148980: uvm_test_top.env.mc_agent.monitor [MC_MON] Captured WRITE: WRITE: rank=0 bg=x bk=x row=0xxxxxx col=0xxxx | DATA[p0=11 p1=22 p2=33 p3=44] MASK[1000]
# UVM_INFO ../tb/ddr5_coverage.sv(74) @ 148980: uvm_test_top.env.coverage [COV] Sample tx: rank=0 data_p0=0x11 mask=1 | W=70.0% F=66.7% M=66.7%
# UVM_INFO ../tb/ddr5_scoreboard.sv(121) @ 148980: uvm_test_top.env.scoreboard [SB] [MC] Nhan tx #5: WRITE: rank=0 bg=x bk=x row=0xxxxxx col=0xxxx | DATA[p0=11 p1=22 p2=33 p3=44] MASK[1000]
# UVM_INFO ../tb/ddr5_scoreboard.sv(122) @ 148980: uvm_test_top.env.scoreboard [SB] [CRC_REF] data=0x11 -> CRC-8 = 0x42
# UVM_INFO ../tb/ddr5_scoreboard.sv(142) @ 151476: uvm_test_top.env.scoreboard [SB] [PASS #5] DQ khop: expected=0x11 actual=0x11 | CRC_ref=0x42
# UVM_INFO ../tb/ddr5_mc_driver.sv(134) @ 184080: uvm_test_top.env.mc_agent.driver [DRV] drive_write hoan tat
# UVM_INFO ../tb/ddr5_mc_driver.sv(23) @ 184080: uvm_test_top.env.mc_agent.driver [DRV] Drive: WRITE: rank=1 bg=x bk=x row=0xxxxxx col=0xxxx | DATA[p0=de p1=ad p2=be p3=ef] MASK[0000]
# UVM_INFO ../tb/ddr5_mc_monitor.sv(40) @ 185172: uvm_test_top.env.mc_agent.monitor [MC_MON] Captured WRITE: WRITE: rank=1 bg=x bk=x row=0xxxxxx col=0xxxx | DATA[p0=de p1=ad p2=be p3=ef] MASK[0000]
# UVM_INFO ../tb/ddr5_coverage.sv(74) @ 185172: uvm_test_top.env.coverage [COV] Sample tx: rank=1 data_p0=0xde mask=0 | W=87.5% F=91.7% M=91.7%
# UVM_INFO ../tb/ddr5_scoreboard.sv(121) @ 185172: uvm_test_top.env.scoreboard [SB] [MC] Nhan tx #6: WRITE: rank=1 bg=x bk=x row=0xxxxxx col=0xxxx | DATA[p0=de p1=ad p2=be p3=ef] MASK[0000]
# UVM_INFO ../tb/ddr5_scoreboard.sv(122) @ 185172: uvm_test_top.env.scoreboard [SB] [CRC_REF] data=0xde -> CRC-8 = 0x6c
# UVM_INFO ../tb/ddr5_scoreboard.sv(142) @ 187668: uvm_test_top.env.scoreboard [SB] [PASS #6] DQ khop: expected=0xde actual=0xde | CRC_ref=0x6c
# UVM_INFO ../tb/ddr5_mc_driver.sv(134) @ 220272: uvm_test_top.env.mc_agent.driver [DRV] drive_write hoan tat
# UVM_INFO ../tb/ddr5_mc_driver.sv(23) @ 220272: uvm_test_top.env.mc_agent.driver [DRV] Drive: WRITE: rank=1 bg=x bk=x row=0xxxxxx col=0xxxx | DATA[p0=55 p1=66 p2=77 p3=88] MASK[0000]
# UVM_INFO ../tb/ddr5_mc_monitor.sv(40) @ 221364: uvm_test_top.env.mc_agent.monitor [MC_MON] Captured WRITE: WRITE: rank=1 bg=x bk=x row=0xxxxxx col=0xxxx | DATA[p0=55 p1=66 p2=77 p3=88] MASK[0000]
# UVM_INFO ../tb/ddr5_coverage.sv(74) @ 221364: uvm_test_top.env.coverage [COV] Sample tx: rank=1 data_p0=0x55 mask=0 | W=90.0% F=91.7% M=91.7%
# UVM_INFO ../tb/ddr5_scoreboard.sv(121) @ 221364: uvm_test_top.env.scoreboard [SB] [MC] Nhan tx #7: WRITE: rank=1 bg=x bk=x row=0xxxxxx col=0xxxx | DATA[p0=55 p1=66 p2=77 p3=88] MASK[0000]
# UVM_INFO ../tb/ddr5_scoreboard.sv(122) @ 221364: uvm_test_top.env.scoreboard [SB] [CRC_REF] data=0x55 -> CRC-8 = 0x4d
# UVM_INFO ../tb/ddr5_scoreboard.sv(142) @ 223860: uvm_test_top.env.scoreboard [SB] [PASS #7] DQ khop: expected=0x55 actual=0x55 | CRC_ref=0x4d
# UVM_INFO ../tb/ddr5_mc_driver.sv(134) @ 256464: uvm_test_top.env.mc_agent.driver [DRV] drive_write hoan tat
# UVM_INFO ../tb/ddr5_mc_driver.sv(23) @ 256464: uvm_test_top.env.mc_agent.driver [DRV] Drive: WRITE: rank=1 bg=x bk=x row=0xxxxxx col=0xxxx | DATA[p0=00 p1=00 p2=00 p3=00] MASK[0000]
# UVM_INFO ../tb/ddr5_mc_monitor.sv(40) @ 257556: uvm_test_top.env.mc_agent.monitor [MC_MON] Captured WRITE: WRITE: rank=1 bg=x bk=x row=0xxxxxx col=0xxxx | DATA[p0=00 p1=00 p2=00 p3=00] MASK[0000]
# UVM_INFO ../tb/ddr5_coverage.sv(74) @ 257556: uvm_test_top.env.coverage [COV] Sample tx: rank=1 data_p0=0x00 mask=0 | W=92.5% F=91.7% M=91.7%
# UVM_INFO ../tb/ddr5_scoreboard.sv(121) @ 257556: uvm_test_top.env.scoreboard [SB] [MC] Nhan tx #8: WRITE: rank=1 bg=x bk=x row=0xxxxxx col=0xxxx | DATA[p0=00 p1=00 p2=00 p3=00] MASK[0000]
# UVM_INFO ../tb/ddr5_scoreboard.sv(122) @ 257556: uvm_test_top.env.scoreboard [SB] [CRC_REF] data=0x00 -> CRC-8 = 0x00
# UVM_INFO ../tb/ddr5_scoreboard.sv(142) @ 260052: uvm_test_top.env.scoreboard [SB] [PASS #8] DQ khop: expected=0x00 actual=0x00 | CRC_ref=0x00
# UVM_INFO ../tb/ddr5_mc_driver.sv(134) @ 292656: uvm_test_top.env.mc_agent.driver [DRV] drive_write hoan tat
# UVM_INFO ../tb/ddr5_mc_driver.sv(23) @ 292656: uvm_test_top.env.mc_agent.driver [DRV] Drive: WRITE: rank=1 bg=x bk=x row=0xxxxxx col=0xxxx | DATA[p0=ff p1=ff p2=ff p3=ff] MASK[1010]
# UVM_INFO ../tb/ddr5_mc_monitor.sv(40) @ 293748: uvm_test_top.env.mc_agent.monitor [MC_MON] Captured WRITE: WRITE: rank=1 bg=x bk=x row=0xxxxxx col=0xxxx | DATA[p0=ff p1=ff p2=ff p3=ff] MASK[1000]
# UVM_INFO ../tb/ddr5_coverage.sv(74) @ 293748: uvm_test_top.env.coverage [COV] Sample tx: rank=1 data_p0=0xff mask=1 | W=100.0% F=100.0% M=100.0%
# UVM_INFO ../tb/ddr5_scoreboard.sv(121) @ 293748: uvm_test_top.env.scoreboard [SB] [MC] Nhan tx #9: WRITE: rank=1 bg=x bk=x row=0xxxxxx col=0xxxx | DATA[p0=ff p1=ff p2=ff p3=ff] MASK[1000]
# UVM_INFO ../tb/ddr5_scoreboard.sv(122) @ 293748: uvm_test_top.env.scoreboard [SB] [CRC_REF] data=0xff -> CRC-8 = 0xd7
# UVM_INFO ../tb/ddr5_scoreboard.sv(142) @ 296244: uvm_test_top.env.scoreboard [SB] [PASS #9] DQ khop: expected=0xff actual=0xff | CRC_ref=0xd7
# UVM_INFO ../tb/ddr5_mc_driver.sv(134) @ 328848: uvm_test_top.env.mc_agent.driver [DRV] drive_write hoan tat
# UVM_INFO ../tb/ddr5_tests.sv(711) @ 328848: uvm_test_top.env.mc_agent.sequencer@@seq [SEQ] === HOAN THANH SPEED TEST: DDR5-6400 | Clock ~3205 MHz | Period ~312 ps | Data Rate ~6400 MT/s ===
# UVM_INFO verilog_src/uvm-1.1d/src/base/uvm_objection.svh(1268) @ 828848: reporter [TEST_DONE] 'run' phase is ready to proceed to the 'extract' phase
# UVM_INFO ../tb/ddr5_coverage.sv(79) @ 828848: uvm_test_top.env.coverage [COV] ============================================
# UVM_INFO ../tb/ddr5_coverage.sv(80) @ 828848: uvm_test_top.env.coverage [COV]          BAO CAO FUNCTIONAL COVERAGE
# UVM_INFO ../tb/ddr5_coverage.sv(81) @ 828848: uvm_test_top.env.coverage [COV] ============================================
# UVM_INFO ../tb/ddr5_coverage.sv(82) @ 828848: uvm_test_top.env.coverage [COV]   Write coverage     : 100.00%
# UVM_INFO ../tb/ddr5_coverage.sv(83) @ 828848: uvm_test_top.env.coverage [COV]   FSM coverage       : 100.00%
# UVM_INFO ../tb/ddr5_coverage.sv(84) @ 828848: uvm_test_top.env.coverage [COV]   Mask coverage      : 100.00%
# UVM_INFO ../tb/ddr5_coverage.sv(85) @ 828848: uvm_test_top.env.coverage [COV] --------------------------------------------
# UVM_INFO ../tb/ddr5_coverage.sv(86) @ 828848: uvm_test_top.env.coverage [COV]   cp_rank            : 100.00%
# UVM_INFO ../tb/ddr5_coverage.sv(87) @ 828848: uvm_test_top.env.coverage [COV]   cp_wrdata_p0       : 100.00%
# UVM_INFO ../tb/ddr5_coverage.sv(88) @ 828848: uvm_test_top.env.coverage [COV]   cp_mask            : 100.00%
# UVM_INFO ../tb/ddr5_coverage.sv(89) @ 828848: uvm_test_top.env.coverage [COV]   cx_rank_x_data     : 100.00%
# UVM_INFO ../tb/ddr5_coverage.sv(90) @ 828848: uvm_test_top.env.coverage [COV]   cx_rank_x_mask     : 100.00%
# UVM_INFO ../tb/ddr5_coverage.sv(91) @ 828848: uvm_test_top.env.coverage [COV] ============================================
# UVM_INFO ../tb/ddr5_coverage.sv(100) @ 828848: uvm_test_top.env.coverage [COV] Coverage = 100% - Hoan hao!
# UVM_INFO ../tb/ddr5_dram_monitor.sv(90) @ 828848: uvm_test_top.env.dram_agent.monitor [DRAM_MON] Tong so cycle DQ_valid = 117
# UVM_INFO ../tb/ddr5_scoreboard.sv(156) @ 828848: uvm_test_top.env.scoreboard [SB] ============================================
# UVM_INFO ../tb/ddr5_scoreboard.sv(157) @ 828848: uvm_test_top.env.scoreboard [SB]          KET QUA XAC MINH
# UVM_INFO ../tb/ddr5_scoreboard.sv(158) @ 828848: uvm_test_top.env.scoreboard [SB] ============================================
# UVM_INFO ../tb/ddr5_scoreboard.sv(159) @ 828848: uvm_test_top.env.scoreboard [SB]   Tong giao dich  : 9
# UVM_INFO ../tb/ddr5_scoreboard.sv(160) @ 828848: uvm_test_top.env.scoreboard [SB]   PASS            : 9
# UVM_INFO ../tb/ddr5_scoreboard.sv(161) @ 828848: uvm_test_top.env.scoreboard [SB]   FAIL            : 0
# UVM_INFO ../tb/ddr5_scoreboard.sv(162) @ 828848: uvm_test_top.env.scoreboard [SB] ============================================
# UVM_INFO ../tb/ddr5_scoreboard.sv(164) @ 828848: uvm_test_top.env.scoreboard [SB] >>> TEST PASSED <<<
#
# --- UVM Report Summary ---
#
# ** Report counts by severity
# UVM_INFO :   98
# UVM_WARNING :    0
# UVM_ERROR :    0
# UVM_FATAL :    0
# ** Report counts by id
# [COV]    23
# [DRAM_MON]     1
# [DRV]    19
# [MC_MON]     9
# [Questa UVM]     2
# [RNTST]     1
# [SB]    35
# [SEQ]     2
# [TEST]     5
# [TEST_DONE]     1
# ** Note: $finish    : E:/ProgramFiles/Questasim/win64/../verilog_src/uvm-1.1d/src/base/uvm_root.svh(430)
#    Time: 828848 ps  Iteration: 54  Instance: /tb_top_6400

=== Log da luu vao: ddr5_6400_speed_test.log ===
# UVM_INFO ../tb/ddr5_scoreboard.sv(142) @ 6708: uvm_test_top.env.scoreboard [SB] [PASS #1] DQ khop: expected=0xab actual=0xab | CRC_ref=0x72
# UVM_INFO ../tb/ddr5_scoreboard.sv(142) @ 42900: uvm_test_top.env.scoreboard [SB] [PASS #2] DQ khop: expected=0x3c actual=0x3c | CRC_ref=0x05
# UVM_INFO ../tb/ddr5_scoreboard.sv(142) @ 79092: uvm_test_top.env.scoreboard [SB] [PASS #3] DQ khop: expected=0x00 actual=0x00 | CRC_ref=0x00
# UVM_INFO ../tb/ddr5_scoreboard.sv(142) @ 115284: uvm_test_top.env.scoreboard [SB] [PASS #4] DQ khop: expected=0xff actual=0xff | CRC_ref=0xd7
# UVM_INFO ../tb/ddr5_scoreboard.sv(142) @ 151476: uvm_test_top.env.scoreboard [SB] [PASS #5] DQ khop: expected=0x11 actual=0x11 | CRC_ref=0x42
# UVM_INFO ../tb/ddr5_scoreboard.sv(142) @ 187668: uvm_test_top.env.scoreboard [SB] [PASS #6] DQ khop: expected=0xde actual=0xde | CRC_ref=0x6c
# UVM_INFO ../tb/ddr5_scoreboard.sv(142) @ 223860: uvm_test_top.env.scoreboard [SB] [PASS #7] DQ khop: expected=0x55 actual=0x55 | CRC_ref=0x4d
# UVM_INFO ../tb/ddr5_scoreboard.sv(142) @ 260052: uvm_test_top.env.scoreboard [SB] [PASS #8] DQ khop: expected=0x00 actual=0x00 | CRC_ref=0x00
# UVM_INFO ../tb/ddr5_scoreboard.sv(142) @ 296244: uvm_test_top.env.scoreboard [SB] [PASS #9] DQ khop: expected=0xff actual=0xff | CRC_ref=0xd7
# UVM_INFO ../tb/ddr5_scoreboard.sv(160) @ 828848: uvm_test_top.env.scoreboard [SB]   PASS            : 9
# UVM_INFO ../tb/ddr5_scoreboard.sv(161) @ 828848: uvm_test_top.env.scoreboard [SB]   FAIL            : 0
# UVM_INFO ../tb/ddr5_scoreboard.sv(164) @ 828848: uvm_test_top.env.scoreboard [SB] >>> TEST PASSED <<<
# ** Report counts by severity
# UVM_ERROR :    0
# UVM_FATAL :    0
# ** Report counts by id
make[1]: Leaving directory '/e/tostudy/learned/HK10/Do An Tot Nghiep/practices/ddr5_phy_uvm/sim'
make sim TEST=ddr5_fsm_write_test
make[1]: Entering directory '/e/tostudy/learned/HK10/Do An Tot Nghiep/practices/ddr5_phy_uvm/sim'
vsim -t 1ps \
    -suppress 3009 \
    -c \
    +UVM_TESTNAME=ddr5_fsm_write_test \
    +UVM_VERBOSITY=UVM_MEDIUM \
    -do "run -all; quit -f;" \
    tb_top \
    | tee ddr5_fsm_write_test.log
Reading E:/ProgramFiles/Questasim/tcl/vsim/pref.tcl

# 10.2c

# vsim +UVM_TESTNAME=ddr5_fsm_write_test +UVM_VERBOSITY=UVM_MEDIUM -do {run -all; quit -f;} -c -suppress 3009 -t 1ps tb_top
# //  Questa Sim-64
# //  Version 10.2c Unknown Platform Jul 19 2013
# //
# //  Copyright 1991-2013 Mentor Graphics Corporation
# //  All Rights Reserved.
# //
# //  THIS WORK CONTAINS TRADE SECRET AND PROPRIETARY INFORMATION
# //  WHICH IS THE PROPERTY OF MENTOR GRAPHICS CORPORATION OR ITS
# //  LICENSORS AND IS SUBJECT TO LICENSE TERMS.
# //
# Loading sv_std.std
# Loading mtiUvm.uvm_pkg
# Loading work.tb_pkg(fast)
# Loading work.tb_top_sv_unit(fast)
# Loading work.tb_top(fast)
# Loading work.ddr5_phy_if(fast)
# Loading mtiUvm.questa_uvm_pkg(fast)
# Loading E:/ProgramFiles/Questasim/uvm-1.1d\win64\uvm_dpi.dll
# run -all
# ----------------------------------------------------------------
# UVM-1.1d
# (C) 2007-2013 Mentor Graphics Corporation
# (C) 2007-2013 Cadence Design Systems, Inc.
# (C) 2006-2013 Synopsys, Inc.
# (C) 2011-2013 Cypress Semiconductor Corp.
# ----------------------------------------------------------------
#
#   ***********       IMPORTANT RELEASE NOTES         ************
#
#   You are using a version of the UVM library that has been compiled
#   with `UVM_NO_DEPRECATED undefined.
#   See http://www.eda.org/svdb/view.php?id=3313 for more details.
#
#   You are using a version of the UVM library that has been compiled
#   with `UVM_OBJECT_MUST_HAVE_CONSTRUCTOR undefined.
#   See http://www.eda.org/svdb/view.php?id=3770 for more details.
#
#       (Specify +UVM_NO_RELNOTES to turn off this notice)
#
# UVM_INFO verilog_src/questa_uvm_pkg-1.2/src/questa_uvm_pkg.sv(215) @ 0: reporter [Questa UVM] QUESTA_UVM-1.2.2
# UVM_INFO verilog_src/questa_uvm_pkg-1.2/src/questa_uvm_pkg.sv(217) @ 0: reporter [Questa UVM]  questa_uvm::init(+struct)
# UVM_INFO @ 0: reporter [RNTST] Running test ddr5_fsm_write_test...
# UVM_INFO ../tb/ddr5_tests.sv(452) @ 0: uvm_test_top.env.mc_agent.sequencer@@seq [SEQ] ▒▒▒▒▒▒▒?▒▒▒u: FSM Write Sequence
# UVM_INFO ../tb/ddr5_mc_driver.sv(66) @ 100000: uvm_test_top.env.mc_agent.driver [DRV] Reset hoan tat, DUT san sang
# UVM_INFO ../tb/ddr5_mc_driver.sv(23) @ 100000: uvm_test_top.env.mc_agent.driver [DRV] Drive: WRITE: rank=0 bg=x bk=x row=0xxxxxx col=0xxxx | DATA[p0=00 p1=11 p2=22 p3=33] MASK[0000]
# UVM_INFO ../tb/ddr5_mc_monitor.sv(40) @ 135000: uvm_test_top.env.mc_agent.monitor [MC_MON] Captured WRITE: WRITE: rank=0 bg=x bk=x row=0xxxxxx col=0xxxx | DATA[p0=00 p1=11 p2=22 p3=33] MASK[0000]
# UVM_INFO ../tb/ddr5_coverage.sv(74) @ 135000: uvm_test_top.env.coverage [COV] Sample tx: rank=0 data_p0=0x00 mask=0 | W=32.5% F=41.7% M=41.7%
# UVM_INFO ../tb/ddr5_scoreboard.sv(121) @ 135000: uvm_test_top.env.scoreboard [SB] [MC] Nhan tx #1: WRITE: rank=0 bg=x bk=x row=0xxxxxx col=0xxxx | DATA[p0=00 p1=11 p2=22 p3=33] MASK[0000]
# UVM_INFO ../tb/ddr5_scoreboard.sv(122) @ 135000: uvm_test_top.env.scoreboard [SB] [CRC_REF] data=0x00 -> CRC-8 = 0x00
# UVM_INFO ../tb/ddr5_scoreboard.sv(142) @ 215000: uvm_test_top.env.scoreboard [SB] [PASS #1] DQ khop: expected=0x00 actual=0x00 | CRC_ref=0x00
# UVM_INFO ../tb/ddr5_mc_driver.sv(134) @ 1260000: uvm_test_top.env.mc_agent.driver [DRV] drive_write hoan tat
# UVM_INFO ../tb/ddr5_mc_driver.sv(23) @ 1260000: uvm_test_top.env.mc_agent.driver [DRV] Drive: WRITE: rank=0 bg=x bk=x row=0xxxxxx col=0xxxx | DATA[p0=ff p1=ee p2=dd p3=cc] MASK[0000]
# UVM_INFO ../tb/ddr5_mc_monitor.sv(40) @ 1295000: uvm_test_top.env.mc_agent.monitor [MC_MON] Captured WRITE: WRITE: rank=0 bg=x bk=x row=0xxxxxx col=0xxxx | DATA[p0=ff p1=ee p2=dd p3=cc] MASK[0000]
# UVM_INFO ../tb/ddr5_coverage.sv(74) @ 1295000: uvm_test_top.env.coverage [COV] Sample tx: rank=0 data_p0=0xff mask=0 | W=40.0% F=41.7% M=41.7%
# UVM_INFO ../tb/ddr5_scoreboard.sv(121) @ 1295000: uvm_test_top.env.scoreboard [SB] [MC] Nhan tx #2: WRITE: rank=0 bg=x bk=x row=0xxxxxx col=0xxxx | DATA[p0=ff p1=ee p2=dd p3=cc] MASK[0000]
# UVM_INFO ../tb/ddr5_scoreboard.sv(122) @ 1295000: uvm_test_top.env.scoreboard [SB] [CRC_REF] data=0xff -> CRC-8 = 0xd7
# UVM_INFO ../tb/ddr5_scoreboard.sv(142) @ 1375000: uvm_test_top.env.scoreboard [SB] [PASS #2] DQ khop: expected=0xff actual=0xff | CRC_ref=0xd7
# UVM_INFO ../tb/ddr5_mc_driver.sv(134) @ 2420000: uvm_test_top.env.mc_agent.driver [DRV] drive_write hoan tat
# UVM_INFO ../tb/ddr5_mc_driver.sv(23) @ 2420000: uvm_test_top.env.mc_agent.driver [DRV] Drive: MRW: rank=0 addr=0x00 op=0x1f idle=0
# UVM_INFO ../tb/ddr5_mc_driver.sv(95) @ 2450000: uvm_test_top.env.mc_agent.driver [DRV] drive_mrw hoan tat (rank=0 MR  0 op=0x1f)
# UVM_INFO ../tb/ddr5_mc_driver.sv(23) @ 2450000: uvm_test_top.env.mc_agent.driver [DRV] Drive: WRITE: rank=0 bg=x bk=x row=0xxxxxx col=0xxxx | DATA[p0=12 p1=34 p2=56 p3=78] MASK[0000]
# UVM_INFO ../tb/ddr5_mc_monitor.sv(40) @ 2485000: uvm_test_top.env.mc_agent.monitor [MC_MON] Captured WRITE: WRITE: rank=0 bg=x bk=x row=0xxxxxx col=0xxxx | DATA[p0=12 p1=34 p2=56 p3=78] MASK[0000]
# UVM_INFO ../tb/ddr5_coverage.sv(74) @ 2485000: uvm_test_top.env.coverage [COV] Sample tx: rank=0 data_p0=0x12 mask=0 | W=47.5% F=41.7% M=41.7%
# UVM_INFO ../tb/ddr5_scoreboard.sv(121) @ 2485000: uvm_test_top.env.scoreboard [SB] [MC] Nhan tx #3: WRITE: rank=0 bg=x bk=x row=0xxxxxx col=0xxxx | DATA[p0=12 p1=34 p2=56 p3=78] MASK[0000]
# UVM_INFO ../tb/ddr5_scoreboard.sv(122) @ 2485000: uvm_test_top.env.scoreboard [SB] [CRC_REF] data=0x12 -> CRC-8 = 0x7d
# UVM_INFO ../tb/ddr5_scoreboard.sv(142) @ 2565000: uvm_test_top.env.scoreboard [SB] [PASS #3] DQ khop: expected=0x12 actual=0x12 | CRC_ref=0x7d
# UVM_INFO ../tb/ddr5_mc_driver.sv(134) @ 3610000: uvm_test_top.env.mc_agent.driver [DRV] drive_write hoan tat
# UVM_INFO ../tb/ddr5_mc_driver.sv(23) @ 3610000: uvm_test_top.env.mc_agent.driver [DRV] Drive: WRITE: rank=1 bg=x bk=x row=0xxxxxx col=0xxxx | DATA[p0=aa p1=bb p2=cc p3=dd] MASK[0000]
# UVM_INFO ../tb/ddr5_mc_monitor.sv(40) @ 3645000: uvm_test_top.env.mc_agent.monitor [MC_MON] Captured WRITE: WRITE: rank=1 bg=x bk=x row=0xxxxxx col=0xxxx | DATA[p0=aa p1=bb p2=cc p3=dd] MASK[0000]
# UVM_INFO ../tb/ddr5_coverage.sv(74) @ 3645000: uvm_test_top.env.coverage [COV] Sample tx: rank=1 data_p0=0xaa mask=0 | W=70.0% F=66.7% M=66.7%
# UVM_INFO ../tb/ddr5_scoreboard.sv(121) @ 3645000: uvm_test_top.env.scoreboard [SB] [MC] Nhan tx #4: WRITE: rank=1 bg=x bk=x row=0xxxxxx col=0xxxx | DATA[p0=aa p1=bb p2=cc p3=dd] MASK[0000]
# UVM_INFO ../tb/ddr5_scoreboard.sv(122) @ 3645000: uvm_test_top.env.scoreboard [SB] [CRC_REF] data=0xaa -> CRC-8 = 0x9a
# UVM_INFO ../tb/ddr5_scoreboard.sv(142) @ 3725000: uvm_test_top.env.scoreboard [SB] [PASS #4] DQ khop: expected=0xaa actual=0xaa | CRC_ref=0x9a
# UVM_INFO ../tb/ddr5_mc_driver.sv(134) @ 4770000: uvm_test_top.env.mc_agent.driver [DRV] drive_write hoan tat
# UVM_INFO ../tb/ddr5_mc_driver.sv(23) @ 4770000: uvm_test_top.env.mc_agent.driver [DRV] Drive: WRITE: rank=1 bg=x bk=x row=0xxxxxx col=0xxxx | DATA[p0=55 p1=66 p2=77 p3=88] MASK[0000]
# UVM_INFO ../tb/ddr5_mc_monitor.sv(40) @ 4805000: uvm_test_top.env.mc_agent.monitor [MC_MON] Captured WRITE: WRITE: rank=1 bg=x bk=x row=0xxxxxx col=0xxxx | DATA[p0=55 p1=66 p2=77 p3=88] MASK[0000]
# UVM_INFO ../tb/ddr5_coverage.sv(74) @ 4805000: uvm_test_top.env.coverage [COV] Sample tx: rank=1 data_p0=0x55 mask=0 | W=72.5% F=66.7% M=66.7%
# UVM_INFO ../tb/ddr5_scoreboard.sv(121) @ 4805000: uvm_test_top.env.scoreboard [SB] [MC] Nhan tx #5: WRITE: rank=1 bg=x bk=x row=0xxxxxx col=0xxxx | DATA[p0=55 p1=66 p2=77 p3=88] MASK[0000]
# UVM_INFO ../tb/ddr5_scoreboard.sv(122) @ 4805000: uvm_test_top.env.scoreboard [SB] [CRC_REF] data=0x55 -> CRC-8 = 0x4d
# UVM_INFO ../tb/ddr5_scoreboard.sv(142) @ 4885000: uvm_test_top.env.scoreboard [SB] [PASS #5] DQ khop: expected=0x55 actual=0x55 | CRC_ref=0x4d
# UVM_INFO ../tb/ddr5_mc_driver.sv(134) @ 5930000: uvm_test_top.env.mc_agent.driver [DRV] drive_write hoan tat
# UVM_INFO ../tb/ddr5_mc_driver.sv(23) @ 5930000: uvm_test_top.env.mc_agent.driver [DRV] Drive: WRITE: rank=0 bg=x bk=x row=0xxxxxx col=0xxxx | DATA[p0=7f p1=7f p2=7f p3=7f] MASK[1001]
# UVM_INFO ../tb/ddr5_mc_monitor.sv(40) @ 5965000: uvm_test_top.env.mc_agent.monitor [MC_MON] Captured WRITE: WRITE: rank=0 bg=x bk=x row=0xxxxxx col=0xxxx | DATA[p0=7f p1=7f p2=7f p3=7f] MASK[1000]
# UVM_INFO ../tb/ddr5_coverage.sv(74) @ 5965000: uvm_test_top.env.coverage [COV] Sample tx: rank=0 data_p0=0x7f mask=1 | W=87.5% F=91.7% M=91.7%
# UVM_INFO ../tb/ddr5_scoreboard.sv(121) @ 5965000: uvm_test_top.env.scoreboard [SB] [MC] Nhan tx #6: WRITE: rank=0 bg=x bk=x row=0xxxxxx col=0xxxx | DATA[p0=7f p1=7f p2=7f p3=7f] MASK[1000]
# UVM_INFO ../tb/ddr5_scoreboard.sv(122) @ 5965000: uvm_test_top.env.scoreboard [SB] [CRC_REF] data=0x7f -> CRC-8 = 0x9c
# UVM_INFO ../tb/ddr5_scoreboard.sv(142) @ 6045000: uvm_test_top.env.scoreboard [SB] [PASS #6] DQ khop: expected=0x7f actual=0x7f | CRC_ref=0x9c
# UVM_INFO ../tb/ddr5_mc_driver.sv(134) @ 7090000: uvm_test_top.env.mc_agent.driver [DRV] drive_write hoan tat
# UVM_INFO ../tb/ddr5_mc_driver.sv(23) @ 7090000: uvm_test_top.env.mc_agent.driver [DRV] Drive: WRITE: rank=1 bg=x bk=x row=0xxxxxx col=0xxxx | DATA[p0=80 p1=81 p2=82 p3=83] MASK[0000]
# UVM_INFO ../tb/ddr5_mc_monitor.sv(40) @ 7125000: uvm_test_top.env.mc_agent.monitor [MC_MON] Captured WRITE: WRITE: rank=1 bg=x bk=x row=0xxxxxx col=0xxxx | DATA[p0=80 p1=81 p2=82 p3=83] MASK[0000]
# UVM_INFO ../tb/ddr5_coverage.sv(74) @ 7125000: uvm_test_top.env.coverage [COV] Sample tx: rank=1 data_p0=0x80 mask=0 | W=87.5% F=91.7% M=91.7%
# UVM_INFO ../tb/ddr5_scoreboard.sv(121) @ 7125000: uvm_test_top.env.scoreboard [SB] [MC] Nhan tx #7: WRITE: rank=1 bg=x bk=x row=0xxxxxx col=0xxxx | DATA[p0=80 p1=81 p2=82 p3=83] MASK[0000]
# UVM_INFO ../tb/ddr5_scoreboard.sv(122) @ 7125000: uvm_test_top.env.scoreboard [SB] [CRC_REF] data=0x80 -> CRC-8 = 0x4b
# UVM_INFO ../tb/ddr5_scoreboard.sv(142) @ 7205000: uvm_test_top.env.scoreboard [SB] [PASS #7] DQ khop: expected=0x80 actual=0x80 | CRC_ref=0x4b
# UVM_INFO ../tb/ddr5_mc_driver.sv(134) @ 8250000: uvm_test_top.env.mc_agent.driver [DRV] drive_write hoan tat
# UVM_INFO ../tb/ddr5_tests.sv(469) @ 8250000: uvm_test_top.env.mc_agent.sequencer@@seq [SEQ] ▒▒▒▒n th▒▒nh: FSM Write Sequence
# UVM_INFO verilog_src/uvm-1.1d/src/base/uvm_objection.svh(1268) @ 8600000: reporter [TEST_DONE] 'run' phase is ready to proceed to the 'extract' phase
# UVM_INFO ../tb/ddr5_coverage.sv(79) @ 8600000: uvm_test_top.env.coverage [COV] ============================================
# UVM_INFO ../tb/ddr5_coverage.sv(80) @ 8600000: uvm_test_top.env.coverage [COV]          BAO CAO FUNCTIONAL COVERAGE
# UVM_INFO ../tb/ddr5_coverage.sv(81) @ 8600000: uvm_test_top.env.coverage [COV] ============================================
# UVM_INFO ../tb/ddr5_coverage.sv(82) @ 8600000: uvm_test_top.env.coverage [COV]   Write coverage     : 87.50%
# UVM_INFO ../tb/ddr5_coverage.sv(83) @ 8600000: uvm_test_top.env.coverage [COV]   FSM coverage       : 91.67%
# UVM_INFO ../tb/ddr5_coverage.sv(84) @ 8600000: uvm_test_top.env.coverage [COV]   Mask coverage      : 91.67%
# UVM_INFO ../tb/ddr5_coverage.sv(85) @ 8600000: uvm_test_top.env.coverage [COV] --------------------------------------------
# UVM_INFO ../tb/ddr5_coverage.sv(86) @ 8600000: uvm_test_top.env.coverage [COV]   cp_rank            : 100.00%
# UVM_INFO ../tb/ddr5_coverage.sv(87) @ 8600000: uvm_test_top.env.coverage [COV]   cp_wrdata_p0       : 100.00%
# UVM_INFO ../tb/ddr5_coverage.sv(88) @ 8600000: uvm_test_top.env.coverage [COV]   cp_mask            : 100.00%
# UVM_INFO ../tb/ddr5_coverage.sv(89) @ 8600000: uvm_test_top.env.coverage [COV]   cx_rank_x_data     : 62.50%
# UVM_INFO ../tb/ddr5_coverage.sv(90) @ 8600000: uvm_test_top.env.coverage [COV]   cx_rank_x_mask     : 75.00%
# UVM_INFO ../tb/ddr5_coverage.sv(91) @ 8600000: uvm_test_top.env.coverage [COV] ============================================
# UVM_INFO ../tb/ddr5_coverage.sv(98) @ 8600000: uvm_test_top.env.coverage [COV] Coverage >= 80% - Dat muc chap nhan duoc
# UVM_INFO ../tb/ddr5_dram_monitor.sv(90) @ 8600000: uvm_test_top.env.dram_agent.monitor [DRAM_MON] Tong so cycle DQ_valid = 91
# UVM_INFO ../tb/ddr5_scoreboard.sv(156) @ 8600000: uvm_test_top.env.scoreboard [SB] ============================================
# UVM_INFO ../tb/ddr5_scoreboard.sv(157) @ 8600000: uvm_test_top.env.scoreboard [SB]          KET QUA XAC MINH
# UVM_INFO ../tb/ddr5_scoreboard.sv(158) @ 8600000: uvm_test_top.env.scoreboard [SB] ============================================
# UVM_INFO ../tb/ddr5_scoreboard.sv(159) @ 8600000: uvm_test_top.env.scoreboard [SB]   Tong giao dich  : 7
# UVM_INFO ../tb/ddr5_scoreboard.sv(160) @ 8600000: uvm_test_top.env.scoreboard [SB]   PASS            : 7
# UVM_INFO ../tb/ddr5_scoreboard.sv(161) @ 8600000: uvm_test_top.env.scoreboard [SB]   FAIL            : 0
# UVM_INFO ../tb/ddr5_scoreboard.sv(162) @ 8600000: uvm_test_top.env.scoreboard [SB] ============================================
# UVM_INFO ../tb/ddr5_scoreboard.sv(164) @ 8600000: uvm_test_top.env.scoreboard [SB] >>> TEST PASSED <<<
#
# --- UVM Report Summary ---
#
# ** Report counts by severity
# UVM_INFO :   81
# UVM_WARNING :    0
# UVM_ERROR :    0
# UVM_FATAL :    0
# ** Report counts by id
# [COV]    21
# [DRAM_MON]     1
# [DRV]    17
# [MC_MON]     7
# [Questa UVM]     2
# [RNTST]     1
# [SB]    29
# [SEQ]     2
# [TEST_DONE]     1
# ** Note: $finish    : E:/ProgramFiles/Questasim/win64/../verilog_src/uvm-1.1d/src/base/uvm_root.svh(430)
#    Time: 8600 ns  Iteration: 54  Instance: /tb_top

=== Log da luu vao: ddr5_fsm_write_test.log ===
# UVM_INFO ../tb/ddr5_scoreboard.sv(142) @ 215000: uvm_test_top.env.scoreboard [SB] [PASS #1] DQ khop: expected=0x00 actual=0x00 | CRC_ref=0x00
# UVM_INFO ../tb/ddr5_scoreboard.sv(142) @ 1375000: uvm_test_top.env.scoreboard [SB] [PASS #2] DQ khop: expected=0xff actual=0xff | CRC_ref=0xd7
# UVM_INFO ../tb/ddr5_scoreboard.sv(142) @ 2565000: uvm_test_top.env.scoreboard [SB] [PASS #3] DQ khop: expected=0x12 actual=0x12 | CRC_ref=0x7d
# UVM_INFO ../tb/ddr5_scoreboard.sv(142) @ 3725000: uvm_test_top.env.scoreboard [SB] [PASS #4] DQ khop: expected=0xaa actual=0xaa | CRC_ref=0x9a
# UVM_INFO ../tb/ddr5_scoreboard.sv(142) @ 4885000: uvm_test_top.env.scoreboard [SB] [PASS #5] DQ khop: expected=0x55 actual=0x55 | CRC_ref=0x4d
# UVM_INFO ../tb/ddr5_scoreboard.sv(142) @ 6045000: uvm_test_top.env.scoreboard [SB] [PASS #6] DQ khop: expected=0x7f actual=0x7f | CRC_ref=0x9c
# UVM_INFO ../tb/ddr5_scoreboard.sv(142) @ 7205000: uvm_test_top.env.scoreboard [SB] [PASS #7] DQ khop: expected=0x80 actual=0x80 | CRC_ref=0x4b
# UVM_INFO ../tb/ddr5_scoreboard.sv(160) @ 8600000: uvm_test_top.env.scoreboard [SB]   PASS            : 7
# UVM_INFO ../tb/ddr5_scoreboard.sv(161) @ 8600000: uvm_test_top.env.scoreboard [SB]   FAIL            : 0
# UVM_INFO ../tb/ddr5_scoreboard.sv(164) @ 8600000: uvm_test_top.env.scoreboard [SB] >>> TEST PASSED <<<
# ** Report counts by severity
# UVM_ERROR :    0
# UVM_FATAL :    0
# ** Report counts by id
make[1]: Leaving directory '/e/tostudy/learned/HK10/Do An Tot Nghiep/practices/ddr5_phy_uvm/sim'
make sim TEST=ddr5_mrw_variant_test
make[1]: Entering directory '/e/tostudy/learned/HK10/Do An Tot Nghiep/practices/ddr5_phy_uvm/sim'
vsim -t 1ps \
    -suppress 3009 \
    -c \
    +UVM_TESTNAME=ddr5_mrw_variant_test \
    +UVM_VERBOSITY=UVM_MEDIUM \
    -do "run -all; quit -f;" \
    tb_top \
    | tee ddr5_mrw_variant_test.log
Reading E:/ProgramFiles/Questasim/tcl/vsim/pref.tcl

# 10.2c

# vsim +UVM_TESTNAME=ddr5_mrw_variant_test +UVM_VERBOSITY=UVM_MEDIUM -do {run -all; quit -f;} -c -suppress 3009 -t 1ps tb_top
# //  Questa Sim-64
# //  Version 10.2c Unknown Platform Jul 19 2013
# //
# //  Copyright 1991-2013 Mentor Graphics Corporation
# //  All Rights Reserved.
# //
# //  THIS WORK CONTAINS TRADE SECRET AND PROPRIETARY INFORMATION
# //  WHICH IS THE PROPERTY OF MENTOR GRAPHICS CORPORATION OR ITS
# //  LICENSORS AND IS SUBJECT TO LICENSE TERMS.
# //
# Loading sv_std.std
# Loading mtiUvm.uvm_pkg
# Loading work.tb_pkg(fast)
# Loading work.tb_top_sv_unit(fast)
# Loading work.tb_top(fast)
# Loading work.ddr5_phy_if(fast)
# Loading mtiUvm.questa_uvm_pkg(fast)
# Loading E:/ProgramFiles/Questasim/uvm-1.1d\win64\uvm_dpi.dll
# run -all
# ----------------------------------------------------------------
# UVM-1.1d
# (C) 2007-2013 Mentor Graphics Corporation
# (C) 2007-2013 Cadence Design Systems, Inc.
# (C) 2006-2013 Synopsys, Inc.
# (C) 2011-2013 Cypress Semiconductor Corp.
# ----------------------------------------------------------------
#
#   ***********       IMPORTANT RELEASE NOTES         ************
#
#   You are using a version of the UVM library that has been compiled
#   with `UVM_NO_DEPRECATED undefined.
#   See http://www.eda.org/svdb/view.php?id=3313 for more details.
#
#   You are using a version of the UVM library that has been compiled
#   with `UVM_OBJECT_MUST_HAVE_CONSTRUCTOR undefined.
#   See http://www.eda.org/svdb/view.php?id=3770 for more details.
#
#       (Specify +UVM_NO_RELNOTES to turn off this notice)
#
# UVM_INFO verilog_src/questa_uvm_pkg-1.2/src/questa_uvm_pkg.sv(215) @ 0: reporter [Questa UVM] QUESTA_UVM-1.2.2
# UVM_INFO verilog_src/questa_uvm_pkg-1.2/src/questa_uvm_pkg.sv(217) @ 0: reporter [Questa UVM]  questa_uvm::init(+struct)
# UVM_INFO @ 0: reporter [RNTST] Running test ddr5_mrw_variant_test...
# UVM_INFO ../tb/ddr5_tests.sv(484) @ 0: uvm_test_top.env.mc_agent.sequencer@@seq [SEQ] ▒▒▒▒t ▒▒▒▒▒u: MRW Variant Sequence
# UVM_INFO ../tb/ddr5_mc_driver.sv(66) @ 100000: uvm_test_top.env.mc_agent.driver [DRV] Reset hoan tat, DUT san sang
# UVM_INFO ../tb/ddr5_mc_driver.sv(23) @ 100000: uvm_test_top.env.mc_agent.driver [DRV] Drive: MRW: rank=0 addr=0x00 op=0x01 idle=0
# UVM_INFO ../tb/ddr5_mc_driver.sv(95) @ 130000: uvm_test_top.env.mc_agent.driver [DRV] drive_mrw hoan tat (rank=0 MR  0 op=0x01)
# UVM_INFO ../tb/ddr5_mc_driver.sv(23) @ 130000: uvm_test_top.env.mc_agent.driver [DRV] Drive: WRITE: rank=0 bg=x bk=x row=0xxxxxx col=0xxxx | DATA[p0=de p1=ad p2=be p3=ef] MASK[0000]
# UVM_INFO ../tb/ddr5_mc_monitor.sv(40) @ 165000: uvm_test_top.env.mc_agent.monitor [MC_MON] Captured WRITE: WRITE: rank=0 bg=x bk=x row=0xxxxxx col=0xxxx | DATA[p0=de p1=ad p2=be p3=ef] MASK[0000]
# UVM_INFO ../tb/ddr5_coverage.sv(74) @ 165000: uvm_test_top.env.coverage [COV] Sample tx: rank=0 data_p0=0xde mask=0 | W=32.5% F=41.7% M=41.7%
# UVM_INFO ../tb/ddr5_scoreboard.sv(121) @ 165000: uvm_test_top.env.scoreboard [SB] [MC] Nhan tx #1: WRITE: rank=0 bg=x bk=x row=0xxxxxx col=0xxxx | DATA[p0=de p1=ad p2=be p3=ef] MASK[0000]
# UVM_INFO ../tb/ddr5_scoreboard.sv(122) @ 165000: uvm_test_top.env.scoreboard [SB] [CRC_REF] data=0xde -> CRC-8 = 0x6c
# UVM_INFO ../tb/ddr5_scoreboard.sv(142) @ 245000: uvm_test_top.env.scoreboard [SB] [PASS #1] DQ khop: expected=0xde actual=0xde | CRC_ref=0x6c
# UVM_INFO ../tb/ddr5_mc_driver.sv(134) @ 1290000: uvm_test_top.env.mc_agent.driver [DRV] drive_write hoan tat
# UVM_INFO ../tb/ddr5_mc_driver.sv(23) @ 1290000: uvm_test_top.env.mc_agent.driver [DRV] Drive: MRW: rank=1 addr=0x01 op=0x0f idle=16
# UVM_INFO ../tb/ddr5_mc_driver.sv(95) @ 1480000: uvm_test_top.env.mc_agent.driver [DRV] drive_mrw hoan tat (rank=1 MR  1 op=0x0f)
# UVM_INFO ../tb/ddr5_mc_driver.sv(23) @ 1480000: uvm_test_top.env.mc_agent.driver [DRV] Drive: WRITE: rank=1 bg=x bk=x row=0xxxxxx col=0xxxx | DATA[p0=ca p1=fe p2=ba p3=be] MASK[0000]
# UVM_INFO ../tb/ddr5_mc_monitor.sv(40) @ 1515000: uvm_test_top.env.mc_agent.monitor [MC_MON] Captured WRITE: WRITE: rank=1 bg=x bk=x row=0xxxxxx col=0xxxx | DATA[p0=ca p1=fe p2=ba p3=be] MASK[0000]
# UVM_INFO ../tb/ddr5_coverage.sv(74) @ 1515000: uvm_test_top.env.coverage [COV] Sample tx: rank=1 data_p0=0xca mask=0 | W=50.0% F=66.7% M=66.7%
# UVM_INFO ../tb/ddr5_scoreboard.sv(121) @ 1515000: uvm_test_top.env.scoreboard [SB] [MC] Nhan tx #2: WRITE: rank=1 bg=x bk=x row=0xxxxxx col=0xxxx | DATA[p0=ca p1=fe p2=ba p3=be] MASK[0000]
# UVM_INFO ../tb/ddr5_scoreboard.sv(122) @ 1515000: uvm_test_top.env.scoreboard [SB] [CRC_REF] data=0xca -> CRC-8 = 0x6f
# UVM_INFO ../tb/ddr5_scoreboard.sv(142) @ 1595000: uvm_test_top.env.scoreboard [SB] [PASS #2] DQ khop: expected=0xca actual=0xca | CRC_ref=0x6f
# UVM_INFO ../tb/ddr5_mc_driver.sv(134) @ 2640000: uvm_test_top.env.mc_agent.driver [DRV] drive_write hoan tat
# UVM_INFO ../tb/ddr5_mc_driver.sv(23) @ 2640000: uvm_test_top.env.mc_agent.driver [DRV] Drive: MRW: rank=0 addr=0x02 op=0xa5 idle=32
# UVM_INFO ../tb/ddr5_mc_driver.sv(95) @ 2990000: uvm_test_top.env.mc_agent.driver [DRV] drive_mrw hoan tat (rank=0 MR  2 op=0xa5)
# UVM_INFO ../tb/ddr5_mc_driver.sv(23) @ 2990000: uvm_test_top.env.mc_agent.driver [DRV] Drive: WRITE: rank=0 bg=x bk=x row=0xxxxxx col=0xxxx | DATA[p0=00 p1=ff p2=00 p3=ff] MASK[0000]
# UVM_INFO ../tb/ddr5_mc_monitor.sv(40) @ 3025000: uvm_test_top.env.mc_agent.monitor [MC_MON] Captured WRITE: WRITE: rank=0 bg=x bk=x row=0xxxxxx col=0xxxx | DATA[p0=00 p1=ff p2=00 p3=ff] MASK[0000]
# UVM_INFO ../tb/ddr5_coverage.sv(74) @ 3025000: uvm_test_top.env.coverage [COV] Sample tx: rank=0 data_p0=0x00 mask=0 | W=57.5% F=66.7% M=66.7%
# UVM_INFO ../tb/ddr5_scoreboard.sv(121) @ 3025000: uvm_test_top.env.scoreboard [SB] [MC] Nhan tx #3: WRITE: rank=0 bg=x bk=x row=0xxxxxx col=0xxxx | DATA[p0=00 p1=ff p2=00 p3=ff] MASK[0000]
# UVM_INFO ../tb/ddr5_scoreboard.sv(122) @ 3025000: uvm_test_top.env.scoreboard [SB] [CRC_REF] data=0x00 -> CRC-8 = 0x00
# UVM_INFO ../tb/ddr5_scoreboard.sv(142) @ 3105000: uvm_test_top.env.scoreboard [SB] [PASS #3] DQ khop: expected=0x00 actual=0x00 | CRC_ref=0x00
# UVM_INFO ../tb/ddr5_mc_driver.sv(134) @ 4150000: uvm_test_top.env.mc_agent.driver [DRV] drive_write hoan tat
# UVM_INFO ../tb/ddr5_mc_driver.sv(23) @ 4150000: uvm_test_top.env.mc_agent.driver [DRV] Drive: WRITE: rank=1 bg=x bk=x row=0xxxxxx col=0xxxx | DATA[p0=11 p1=22 p2=33 p3=44] MASK[0000]
# UVM_INFO ../tb/ddr5_mc_monitor.sv(40) @ 4185000: uvm_test_top.env.mc_agent.monitor [MC_MON] Captured WRITE: WRITE: rank=1 bg=x bk=x row=0xxxxxx col=0xxxx | DATA[p0=11 p1=22 p2=33 p3=44] MASK[0000]
# UVM_INFO ../tb/ddr5_coverage.sv(74) @ 4185000: uvm_test_top.env.coverage [COV] Sample tx: rank=1 data_p0=0x11 mask=0 | W=65.0% F=66.7% M=66.7%
# UVM_INFO ../tb/ddr5_scoreboard.sv(121) @ 4185000: uvm_test_top.env.scoreboard [SB] [MC] Nhan tx #4: WRITE: rank=1 bg=x bk=x row=0xxxxxx col=0xxxx | DATA[p0=11 p1=22 p2=33 p3=44] MASK[0000]
# UVM_INFO ../tb/ddr5_scoreboard.sv(122) @ 4185000: uvm_test_top.env.scoreboard [SB] [CRC_REF] data=0x11 -> CRC-8 = 0x42
# UVM_INFO ../tb/ddr5_scoreboard.sv(142) @ 4265000: uvm_test_top.env.scoreboard [SB] [PASS #4] DQ khop: expected=0x11 actual=0x11 | CRC_ref=0x42
# UVM_INFO ../tb/ddr5_mc_driver.sv(134) @ 5310000: uvm_test_top.env.mc_agent.driver [DRV] drive_write hoan tat
# UVM_INFO ../tb/ddr5_mc_driver.sv(23) @ 5310000: uvm_test_top.env.mc_agent.driver [DRV] Drive: WRITE: rank=0 bg=x bk=x row=0xxxxxx col=0xxxx | DATA[p0=7f p1=7f p2=7f p3=7f] MASK[1000]
# UVM_INFO ../tb/ddr5_mc_monitor.sv(40) @ 5345000: uvm_test_top.env.mc_agent.monitor [MC_MON] Captured WRITE: WRITE: rank=0 bg=x bk=x row=0xxxxxx col=0xxxx | DATA[p0=7f p1=7f p2=7f p3=7f] MASK[1000]
# UVM_INFO ../tb/ddr5_coverage.sv(74) @ 5345000: uvm_test_top.env.coverage [COV] Sample tx: rank=0 data_p0=0x7f mask=1 | W=82.5% F=91.7% M=91.7%
# UVM_INFO ../tb/ddr5_scoreboard.sv(121) @ 5345000: uvm_test_top.env.scoreboard [SB] [MC] Nhan tx #5: WRITE: rank=0 bg=x bk=x row=0xxxxxx col=0xxxx | DATA[p0=7f p1=7f p2=7f p3=7f] MASK[1000]
# UVM_INFO ../tb/ddr5_scoreboard.sv(122) @ 5345000: uvm_test_top.env.scoreboard [SB] [CRC_REF] data=0x7f -> CRC-8 = 0x9c
# UVM_INFO ../tb/ddr5_scoreboard.sv(142) @ 5425000: uvm_test_top.env.scoreboard [SB] [PASS #5] DQ khop: expected=0x7f actual=0x7f | CRC_ref=0x9c
# UVM_INFO ../tb/ddr5_mc_driver.sv(134) @ 6470000: uvm_test_top.env.mc_agent.driver [DRV] drive_write hoan tat
# UVM_INFO ../tb/ddr5_tests.sv(499) @ 6470000: uvm_test_top.env.mc_agent.sequencer@@seq [SEQ] Ho▒▒n ▒▒▒▒nh: MRW Variant Sequence
# UVM_INFO verilog_src/uvm-1.1d/src/base/uvm_objection.svh(1268) @ 6870000: reporter [TEST_DONE] 'run' phase is ready to proceed to the 'extract' phase
# UVM_INFO ../tb/ddr5_coverage.sv(79) @ 6870000: uvm_test_top.env.coverage [COV] ============================================
# UVM_INFO ../tb/ddr5_coverage.sv(80) @ 6870000: uvm_test_top.env.coverage [COV]          BAO CAO FUNCTIONAL COVERAGE
# UVM_INFO ../tb/ddr5_coverage.sv(81) @ 6870000: uvm_test_top.env.coverage [COV] ============================================
# UVM_INFO ../tb/ddr5_coverage.sv(82) @ 6870000: uvm_test_top.env.coverage [COV]   Write coverage     : 82.50%
# UVM_INFO ../tb/ddr5_coverage.sv(83) @ 6870000: uvm_test_top.env.coverage [COV]   FSM coverage       : 91.67%
# UVM_INFO ../tb/ddr5_coverage.sv(84) @ 6870000: uvm_test_top.env.coverage [COV]   Mask coverage      : 91.67%
# UVM_INFO ../tb/ddr5_coverage.sv(85) @ 6870000: uvm_test_top.env.coverage [COV] --------------------------------------------
# UVM_INFO ../tb/ddr5_coverage.sv(86) @ 6870000: uvm_test_top.env.coverage [COV]   cp_rank            : 100.00%
# UVM_INFO ../tb/ddr5_coverage.sv(87) @ 6870000: uvm_test_top.env.coverage [COV]   cp_wrdata_p0       : 75.00%
# UVM_INFO ../tb/ddr5_coverage.sv(88) @ 6870000: uvm_test_top.env.coverage [COV]   cp_mask            : 100.00%
# UVM_INFO ../tb/ddr5_coverage.sv(89) @ 6870000: uvm_test_top.env.coverage [COV]   cx_rank_x_data     : 62.50%
# UVM_INFO ../tb/ddr5_coverage.sv(90) @ 6870000: uvm_test_top.env.coverage [COV]   cx_rank_x_mask     : 75.00%
# UVM_INFO ../tb/ddr5_coverage.sv(91) @ 6870000: uvm_test_top.env.coverage [COV] ============================================
# UVM_INFO ../tb/ddr5_coverage.sv(98) @ 6870000: uvm_test_top.env.coverage [COV] Coverage >= 80% - Dat muc chap nhan duoc
# UVM_INFO ../tb/ddr5_dram_monitor.sv(90) @ 6870000: uvm_test_top.env.dram_agent.monitor [DRAM_MON] Tong so cycle DQ_valid = 65
# UVM_INFO ../tb/ddr5_scoreboard.sv(156) @ 6870000: uvm_test_top.env.scoreboard [SB] ============================================
# UVM_INFO ../tb/ddr5_scoreboard.sv(157) @ 6870000: uvm_test_top.env.scoreboard [SB]          KET QUA XAC MINH
# UVM_INFO ../tb/ddr5_scoreboard.sv(158) @ 6870000: uvm_test_top.env.scoreboard [SB] ============================================
# UVM_INFO ../tb/ddr5_scoreboard.sv(159) @ 6870000: uvm_test_top.env.scoreboard [SB]   Tong giao dich  : 5
# UVM_INFO ../tb/ddr5_scoreboard.sv(160) @ 6870000: uvm_test_top.env.scoreboard [SB]   PASS            : 5
# UVM_INFO ../tb/ddr5_scoreboard.sv(161) @ 6870000: uvm_test_top.env.scoreboard [SB]   FAIL            : 0
# UVM_INFO ../tb/ddr5_scoreboard.sv(162) @ 6870000: uvm_test_top.env.scoreboard [SB] ============================================
# UVM_INFO ../tb/ddr5_scoreboard.sv(164) @ 6870000: uvm_test_top.env.scoreboard [SB] >>> TEST PASSED <<<
#
# --- UVM Report Summary ---
#
# ** Report counts by severity
# UVM_INFO :   71
# UVM_WARNING :    0
# UVM_ERROR :    0
# UVM_FATAL :    0
# ** Report counts by id
# [COV]    19
# [DRAM_MON]     1
# [DRV]    17
# [MC_MON]     5
# [Questa UVM]     2
# [RNTST]     1
# [SB]    23
# [SEQ]     2
# [TEST_DONE]     1
# ** Note: $finish    : E:/ProgramFiles/Questasim/win64/../verilog_src/uvm-1.1d/src/base/uvm_root.svh(430)
#    Time: 6870 ns  Iteration: 54  Instance: /tb_top

=== Log da luu vao: ddr5_mrw_variant_test.log ===
# UVM_INFO ../tb/ddr5_scoreboard.sv(142) @ 245000: uvm_test_top.env.scoreboard [SB] [PASS #1] DQ khop: expected=0xde actual=0xde | CRC_ref=0x6c
# UVM_INFO ../tb/ddr5_scoreboard.sv(142) @ 1595000: uvm_test_top.env.scoreboard [SB] [PASS #2] DQ khop: expected=0xca actual=0xca | CRC_ref=0x6f
# UVM_INFO ../tb/ddr5_scoreboard.sv(142) @ 3105000: uvm_test_top.env.scoreboard [SB] [PASS #3] DQ khop: expected=0x00 actual=0x00 | CRC_ref=0x00
# UVM_INFO ../tb/ddr5_scoreboard.sv(142) @ 4265000: uvm_test_top.env.scoreboard [SB] [PASS #4] DQ khop: expected=0x11 actual=0x11 | CRC_ref=0x42
# UVM_INFO ../tb/ddr5_scoreboard.sv(142) @ 5425000: uvm_test_top.env.scoreboard [SB] [PASS #5] DQ khop: expected=0x7f actual=0x7f | CRC_ref=0x9c
# UVM_INFO ../tb/ddr5_scoreboard.sv(160) @ 6870000: uvm_test_top.env.scoreboard [SB]   PASS            : 5
# UVM_INFO ../tb/ddr5_scoreboard.sv(161) @ 6870000: uvm_test_top.env.scoreboard [SB]   FAIL            : 0
# UVM_INFO ../tb/ddr5_scoreboard.sv(164) @ 6870000: uvm_test_top.env.scoreboard [SB] >>> TEST PASSED <<<
# ** Report counts by severity
# UVM_ERROR :    0
# UVM_FATAL :    0
# ** Report counts by id
make[1]: Leaving directory '/e/tostudy/learned/HK10/Do An Tot Nghiep/practices/ddr5_phy_uvm/sim'
make sim TEST=ddr5_burst_len_variation_test
make[1]: Entering directory '/e/tostudy/learned/HK10/Do An Tot Nghiep/practices/ddr5_phy_uvm/sim'
vsim -t 1ps \
    -suppress 3009 \
    -c \
    +UVM_TESTNAME=ddr5_burst_len_variation_test \
    +UVM_VERBOSITY=UVM_MEDIUM \
    -do "run -all; quit -f;" \
    tb_top \
    | tee ddr5_burst_len_variation_test.log
Reading E:/ProgramFiles/Questasim/tcl/vsim/pref.tcl

# 10.2c

# vsim +UVM_TESTNAME=ddr5_burst_len_variation_test +UVM_VERBOSITY=UVM_MEDIUM -do {run -all; quit -f;} -c -suppress 3009 -t 1ps tb_top
# //  Questa Sim-64
# //  Version 10.2c Unknown Platform Jul 19 2013
# //
# //  Copyright 1991-2013 Mentor Graphics Corporation
# //  All Rights Reserved.
# //
# //  THIS WORK CONTAINS TRADE SECRET AND PROPRIETARY INFORMATION
# //  WHICH IS THE PROPERTY OF MENTOR GRAPHICS CORPORATION OR ITS
# //  LICENSORS AND IS SUBJECT TO LICENSE TERMS.
# //
# Loading sv_std.std
# Loading mtiUvm.uvm_pkg
# Loading work.tb_pkg(fast)
# Loading work.tb_top_sv_unit(fast)
# Loading work.tb_top(fast)
# Loading work.ddr5_phy_if(fast)
# Loading mtiUvm.questa_uvm_pkg(fast)
# Loading E:/ProgramFiles/Questasim/uvm-1.1d\win64\uvm_dpi.dll
# run -all
# ----------------------------------------------------------------
# UVM-1.1d
# (C) 2007-2013 Mentor Graphics Corporation
# (C) 2007-2013 Cadence Design Systems, Inc.
# (C) 2006-2013 Synopsys, Inc.
# (C) 2011-2013 Cypress Semiconductor Corp.
# ----------------------------------------------------------------
#
#   ***********       IMPORTANT RELEASE NOTES         ************
#
#   You are using a version of the UVM library that has been compiled
#   with `UVM_NO_DEPRECATED undefined.
#   See http://www.eda.org/svdb/view.php?id=3313 for more details.
#
#   You are using a version of the UVM library that has been compiled
#   with `UVM_OBJECT_MUST_HAVE_CONSTRUCTOR undefined.
#   See http://www.eda.org/svdb/view.php?id=3770 for more details.
#
#       (Specify +UVM_NO_RELNOTES to turn off this notice)
#
# UVM_INFO verilog_src/questa_uvm_pkg-1.2/src/questa_uvm_pkg.sv(215) @ 0: reporter [Questa UVM] QUESTA_UVM-1.2.2
# UVM_INFO verilog_src/questa_uvm_pkg-1.2/src/questa_uvm_pkg.sv(217) @ 0: reporter [Questa UVM]  questa_uvm::init(+struct)
# UVM_INFO @ 0: reporter [RNTST] Running test ddr5_burst_len_variation_test...
# UVM_INFO ../tb/ddr5_tests.sv(625) @ 0: uvm_test_top.env.mc_agent.sequencer@@seq [SEQ] B▒▒▒t▒▒▒▒▒▒u: Burst Length Variation Sequence
# UVM_INFO ../tb/ddr5_mc_driver.sv(66) @ 100000: uvm_test_top.env.mc_agent.driver [DRV] Reset hoan tat, DUT san sang
# UVM_INFO ../tb/ddr5_mc_driver.sv(23) @ 100000: uvm_test_top.env.mc_agent.driver [DRV] Drive: WRITE: rank=0 bg=x bk=x row=0xxxxxx col=0xxxx | DATA[p0=aa p1=bb p2=cc p3=dd] MASK[0000]
# UVM_INFO ../tb/ddr5_mc_monitor.sv(40) @ 135000: uvm_test_top.env.mc_agent.monitor [MC_MON] Captured WRITE: WRITE: rank=0 bg=x bk=x row=0xxxxxx col=0xxxx | DATA[p0=aa p1=bb p2=cc p3=dd] MASK[0000]
# UVM_INFO ../tb/ddr5_coverage.sv(74) @ 135000: uvm_test_top.env.coverage [COV] Sample tx: rank=0 data_p0=0xaa mask=0 | W=32.5% F=41.7% M=41.7%
# UVM_INFO ../tb/ddr5_scoreboard.sv(121) @ 135000: uvm_test_top.env.scoreboard [SB] [MC] Nhan tx #1: WRITE: rank=0 bg=x bk=x row=0xxxxxx col=0xxxx | DATA[p0=aa p1=bb p2=cc p3=dd] MASK[0000]
# UVM_INFO ../tb/ddr5_scoreboard.sv(122) @ 135000: uvm_test_top.env.scoreboard [SB] [CRC_REF] data=0xaa -> CRC-8 = 0x9a
# UVM_INFO ../tb/ddr5_scoreboard.sv(142) @ 215000: uvm_test_top.env.scoreboard [SB] [PASS #1] DQ khop: expected=0xaa actual=0xaa | CRC_ref=0x9a
# UVM_INFO ../tb/ddr5_mc_driver.sv(134) @ 1260000: uvm_test_top.env.mc_agent.driver [DRV] drive_write hoan tat
# UVM_INFO ../tb/ddr5_mc_driver.sv(23) @ 1260000: uvm_test_top.env.mc_agent.driver [DRV] Drive: WRITE: rank=0 bg=x bk=x row=0xxxxxx col=0xxxx | DATA[p0=11 p1=22 p2=33 p3=44] MASK[0000]
# UVM_INFO ../tb/ddr5_mc_monitor.sv(40) @ 1295000: uvm_test_top.env.mc_agent.monitor [MC_MON] Captured WRITE: WRITE: rank=0 bg=x bk=x row=0xxxxxx col=0xxxx | DATA[p0=11 p1=22 p2=33 p3=44] MASK[0000]
# UVM_INFO ../tb/ddr5_coverage.sv(74) @ 1295000: uvm_test_top.env.coverage [COV] Sample tx: rank=0 data_p0=0x11 mask=0 | W=40.0% F=41.7% M=41.7%
# UVM_INFO ../tb/ddr5_scoreboard.sv(121) @ 1295000: uvm_test_top.env.scoreboard [SB] [MC] Nhan tx #2: WRITE: rank=0 bg=x bk=x row=0xxxxxx col=0xxxx | DATA[p0=11 p1=22 p2=33 p3=44] MASK[0000]
# UVM_INFO ../tb/ddr5_scoreboard.sv(122) @ 1295000: uvm_test_top.env.scoreboard [SB] [CRC_REF] data=0x11 -> CRC-8 = 0x42
# UVM_INFO ../tb/ddr5_scoreboard.sv(142) @ 1375000: uvm_test_top.env.scoreboard [SB] [PASS #2] DQ khop: expected=0x11 actual=0x11 | CRC_ref=0x42
# UVM_INFO ../tb/ddr5_mc_driver.sv(134) @ 2420000: uvm_test_top.env.mc_agent.driver [DRV] drive_write hoan tat
# UVM_INFO ../tb/ddr5_mc_driver.sv(23) @ 2420000: uvm_test_top.env.mc_agent.driver [DRV] Drive: WRITE: rank=1 bg=x bk=x row=0xxxxxx col=0xxxx | DATA[p0=ff p1=00 p2=ff p3=00] MASK[0000]
# UVM_INFO ../tb/ddr5_mc_monitor.sv(40) @ 2455000: uvm_test_top.env.mc_agent.monitor [MC_MON] Captured WRITE: WRITE: rank=1 bg=x bk=x row=0xxxxxx col=0xxxx | DATA[p0=ff p1=00 p2=ff p3=00] MASK[0000]
# UVM_INFO ../tb/ddr5_coverage.sv(74) @ 2455000: uvm_test_top.env.coverage [COV] Sample tx: rank=1 data_p0=0xff mask=0 | W=62.5% F=66.7% M=66.7%
# UVM_INFO ../tb/ddr5_scoreboard.sv(121) @ 2455000: uvm_test_top.env.scoreboard [SB] [MC] Nhan tx #3: WRITE: rank=1 bg=x bk=x row=0xxxxxx col=0xxxx | DATA[p0=ff p1=00 p2=ff p3=00] MASK[0000]
# UVM_INFO ../tb/ddr5_scoreboard.sv(122) @ 2455000: uvm_test_top.env.scoreboard [SB] [CRC_REF] data=0xff -> CRC-8 = 0xd7
# UVM_INFO ../tb/ddr5_scoreboard.sv(142) @ 2535000: uvm_test_top.env.scoreboard [SB] [PASS #3] DQ khop: expected=0xff actual=0xff | CRC_ref=0xd7
# UVM_INFO ../tb/ddr5_mc_driver.sv(134) @ 3580000: uvm_test_top.env.mc_agent.driver [DRV] drive_write hoan tat
# UVM_INFO ../tb/ddr5_mc_driver.sv(23) @ 3580000: uvm_test_top.env.mc_agent.driver [DRV] Drive: WRITE: rank=1 bg=x bk=x row=0xxxxxx col=0xxxx | DATA[p0=0f p1=f0 p2=0f p3=f0] MASK[1010]
# UVM_INFO ../tb/ddr5_mc_monitor.sv(40) @ 3615000: uvm_test_top.env.mc_agent.monitor [MC_MON] Captured WRITE: WRITE: rank=1 bg=x bk=x row=0xxxxxx col=0xxxx | DATA[p0=0f p1=f0 p2=0f p3=f0] MASK[1000]
# UVM_INFO ../tb/ddr5_coverage.sv(74) @ 3615000: uvm_test_top.env.coverage [COV] Sample tx: rank=1 data_p0=0x0f mask=1 | W=80.0% F=91.7% M=91.7%
# UVM_INFO ../tb/ddr5_scoreboard.sv(121) @ 3615000: uvm_test_top.env.scoreboard [SB] [MC] Nhan tx #4: WRITE: rank=1 bg=x bk=x row=0xxxxxx col=0xxxx | DATA[p0=0f p1=f0 p2=0f p3=f0] MASK[1000]
# UVM_INFO ../tb/ddr5_scoreboard.sv(122) @ 3615000: uvm_test_top.env.scoreboard [SB] [CRC_REF] data=0x0f -> CRC-8 = 0xc3
# UVM_INFO ../tb/ddr5_scoreboard.sv(142) @ 3695000: uvm_test_top.env.scoreboard [SB] [PASS #4] DQ khop: expected=0x0f actual=0x0f | CRC_ref=0xc3
# UVM_INFO ../tb/ddr5_mc_driver.sv(134) @ 4740000: uvm_test_top.env.mc_agent.driver [DRV] drive_write hoan tat
# UVM_INFO ../tb/ddr5_mc_driver.sv(23) @ 4740000: uvm_test_top.env.mc_agent.driver [DRV] Drive: WRITE: rank=0 bg=x bk=x row=0xxxxxx col=0xxxx | DATA[p0=77 p1=88 p2=99 p3=aa] MASK[1010]
# UVM_INFO ../tb/ddr5_mc_monitor.sv(40) @ 4775000: uvm_test_top.env.mc_agent.monitor [MC_MON] Captured WRITE: WRITE: rank=0 bg=x bk=x row=0xxxxxx col=0xxxx | DATA[p0=77 p1=88 p2=99 p3=aa] MASK[1000]
# UVM_INFO ../tb/ddr5_coverage.sv(74) @ 4775000: uvm_test_top.env.coverage [COV] Sample tx: rank=0 data_p0=0x77 mask=1 | W=85.0% F=100.0% M=100.0%
# UVM_INFO ../tb/ddr5_scoreboard.sv(121) @ 4775000: uvm_test_top.env.scoreboard [SB] [MC] Nhan tx #5: WRITE: rank=0 bg=x bk=x row=0xxxxxx col=0xxxx | DATA[p0=77 p1=88 p2=99 p3=aa] MASK[1000]
# UVM_INFO ../tb/ddr5_scoreboard.sv(122) @ 4775000: uvm_test_top.env.scoreboard [SB] [CRC_REF] data=0x77 -> CRC-8 = 0xc9
# UVM_INFO ../tb/ddr5_scoreboard.sv(142) @ 4855000: uvm_test_top.env.scoreboard [SB] [PASS #5] DQ khop: expected=0x77 actual=0x77 | CRC_ref=0xc9
# UVM_INFO ../tb/ddr5_mc_driver.sv(134) @ 5900000: uvm_test_top.env.mc_agent.driver [DRV] drive_write hoan tat
# UVM_INFO ../tb/ddr5_mc_driver.sv(23) @ 5900000: uvm_test_top.env.mc_agent.driver [DRV] Drive: WRITE: rank=1 bg=x bk=x row=0xxxxxx col=0xxxx | DATA[p0=00 p1=00 p2=00 p3=00] MASK[0000]
# UVM_INFO ../tb/ddr5_mc_monitor.sv(40) @ 5935000: uvm_test_top.env.mc_agent.monitor [MC_MON] Captured WRITE: WRITE: rank=1 bg=x bk=x row=0xxxxxx col=0xxxx | DATA[p0=00 p1=00 p2=00 p3=00] MASK[0000]
# UVM_INFO ../tb/ddr5_coverage.sv(74) @ 5935000: uvm_test_top.env.coverage [COV] Sample tx: rank=1 data_p0=0x00 mask=0 | W=92.5% F=100.0% M=100.0%
# UVM_INFO ../tb/ddr5_scoreboard.sv(121) @ 5935000: uvm_test_top.env.scoreboard [SB] [MC] Nhan tx #6: WRITE: rank=1 bg=x bk=x row=0xxxxxx col=0xxxx | DATA[p0=00 p1=00 p2=00 p3=00] MASK[0000]
# UVM_INFO ../tb/ddr5_scoreboard.sv(122) @ 5935000: uvm_test_top.env.scoreboard [SB] [CRC_REF] data=0x00 -> CRC-8 = 0x00
# UVM_INFO ../tb/ddr5_scoreboard.sv(142) @ 6015000: uvm_test_top.env.scoreboard [SB] [PASS #6] DQ khop: expected=0x00 actual=0x00 | CRC_ref=0x00
# UVM_INFO ../tb/ddr5_mc_driver.sv(134) @ 7060000: uvm_test_top.env.mc_agent.driver [DRV] drive_write hoan tat
# UVM_INFO ../tb/ddr5_mc_driver.sv(23) @ 7060000: uvm_test_top.env.mc_agent.driver [DRV] Drive: WRITE: rank=0 bg=x bk=x row=0xxxxxx col=0xxxx | DATA[p0=00 p1=00 p2=00 p3=00] MASK[0000]
# UVM_INFO ../tb/ddr5_mc_monitor.sv(40) @ 7095000: uvm_test_top.env.mc_agent.monitor [MC_MON] Captured WRITE: WRITE: rank=0 bg=x bk=x row=0xxxxxx col=0xxxx | DATA[p0=00 p1=00 p2=00 p3=00] MASK[0000]
# UVM_INFO ../tb/ddr5_coverage.sv(74) @ 7095000: uvm_test_top.env.coverage [COV] Sample tx: rank=0 data_p0=0x00 mask=0 | W=95.0% F=100.0% M=100.0%
# UVM_INFO ../tb/ddr5_scoreboard.sv(121) @ 7095000: uvm_test_top.env.scoreboard [SB] [MC] Nhan tx #7: WRITE: rank=0 bg=x bk=x row=0xxxxxx col=0xxxx | DATA[p0=00 p1=00 p2=00 p3=00] MASK[0000]
# UVM_INFO ../tb/ddr5_scoreboard.sv(122) @ 7095000: uvm_test_top.env.scoreboard [SB] [CRC_REF] data=0x00 -> CRC-8 = 0x00
# UVM_INFO ../tb/ddr5_scoreboard.sv(142) @ 7175000: uvm_test_top.env.scoreboard [SB] [PASS #7] DQ khop: expected=0x00 actual=0x00 | CRC_ref=0x00
# UVM_INFO ../tb/ddr5_mc_driver.sv(134) @ 8220000: uvm_test_top.env.mc_agent.driver [DRV] drive_write hoan tat
# UVM_INFO ../tb/ddr5_mc_driver.sv(23) @ 8220000: uvm_test_top.env.mc_agent.driver [DRV] Drive: WRITE: rank=1 bg=x bk=x row=0xxxxxx col=0xxxx | DATA[p0=a5 p1=a5 p2=a5 p3=a5] MASK[0000]
# UVM_INFO ../tb/ddr5_mc_monitor.sv(40) @ 8255000: uvm_test_top.env.mc_agent.monitor [MC_MON] Captured WRITE: WRITE: rank=1 bg=x bk=x row=0xxxxxx col=0xxxx | DATA[p0=a5 p1=a5 p2=a5 p3=a5] MASK[0000]
# UVM_INFO ../tb/ddr5_coverage.sv(74) @ 8255000: uvm_test_top.env.coverage [COV] Sample tx: rank=1 data_p0=0xa5 mask=0 | W=97.5% F=100.0% M=100.0%
# UVM_INFO ../tb/ddr5_scoreboard.sv(121) @ 8255000: uvm_test_top.env.scoreboard [SB] [MC] Nhan tx #8: WRITE: rank=1 bg=x bk=x row=0xxxxxx col=0xxxx | DATA[p0=a5 p1=a5 p2=a5 p3=a5] MASK[0000]
# UVM_INFO ../tb/ddr5_scoreboard.sv(122) @ 8255000: uvm_test_top.env.scoreboard [SB] [CRC_REF] data=0xa5 -> CRC-8 = 0x59
# UVM_INFO ../tb/ddr5_scoreboard.sv(142) @ 8335000: uvm_test_top.env.scoreboard [SB] [PASS #8] DQ khop: expected=0xa5 actual=0xa5 | CRC_ref=0x59
# UVM_INFO ../tb/ddr5_mc_driver.sv(134) @ 9380000: uvm_test_top.env.mc_agent.driver [DRV] drive_write hoan tat
# UVM_INFO ../tb/ddr5_tests.sv(646) @ 9380000: uvm_test_top.env.mc_agent.sequencer@@seq [SEQ] H▒▒▒n▒▒▒ành: Burst Length Variation Sequence
# UVM_INFO verilog_src/uvm-1.1d/src/base/uvm_objection.svh(1268) @ 9580000: reporter [TEST_DONE] 'run' phase is ready to proceed to the 'extract' phase
# UVM_INFO ../tb/ddr5_coverage.sv(79) @ 9580000: uvm_test_top.env.coverage [COV] ============================================
# UVM_INFO ../tb/ddr5_coverage.sv(80) @ 9580000: uvm_test_top.env.coverage [COV]          BAO CAO FUNCTIONAL COVERAGE
# UVM_INFO ../tb/ddr5_coverage.sv(81) @ 9580000: uvm_test_top.env.coverage [COV] ============================================
# UVM_INFO ../tb/ddr5_coverage.sv(82) @ 9580000: uvm_test_top.env.coverage [COV]   Write coverage     : 97.50%
# UVM_INFO ../tb/ddr5_coverage.sv(83) @ 9580000: uvm_test_top.env.coverage [COV]   FSM coverage       : 100.00%
# UVM_INFO ../tb/ddr5_coverage.sv(84) @ 9580000: uvm_test_top.env.coverage [COV]   Mask coverage      : 100.00%
# UVM_INFO ../tb/ddr5_coverage.sv(85) @ 9580000: uvm_test_top.env.coverage [COV] --------------------------------------------
# UVM_INFO ../tb/ddr5_coverage.sv(86) @ 9580000: uvm_test_top.env.coverage [COV]   cp_rank            : 100.00%
# UVM_INFO ../tb/ddr5_coverage.sv(87) @ 9580000: uvm_test_top.env.coverage [COV]   cp_wrdata_p0       : 100.00%
# UVM_INFO ../tb/ddr5_coverage.sv(88) @ 9580000: uvm_test_top.env.coverage [COV]   cp_mask            : 100.00%
# UVM_INFO ../tb/ddr5_coverage.sv(89) @ 9580000: uvm_test_top.env.coverage [COV]   cx_rank_x_data     : 87.50%
# UVM_INFO ../tb/ddr5_coverage.sv(90) @ 9580000: uvm_test_top.env.coverage [COV]   cx_rank_x_mask     : 100.00%
# UVM_INFO ../tb/ddr5_coverage.sv(91) @ 9580000: uvm_test_top.env.coverage [COV] ============================================
# UVM_INFO ../tb/ddr5_coverage.sv(98) @ 9580000: uvm_test_top.env.coverage [COV] Coverage >= 80% - Dat muc chap nhan duoc
# UVM_INFO ../tb/ddr5_dram_monitor.sv(90) @ 9580000: uvm_test_top.env.dram_agent.monitor [DRAM_MON] Tong so cycle DQ_valid = 104
# UVM_INFO ../tb/ddr5_scoreboard.sv(156) @ 9580000: uvm_test_top.env.scoreboard [SB] ============================================
# UVM_INFO ../tb/ddr5_scoreboard.sv(157) @ 9580000: uvm_test_top.env.scoreboard [SB]          KET QUA XAC MINH
# UVM_INFO ../tb/ddr5_scoreboard.sv(158) @ 9580000: uvm_test_top.env.scoreboard [SB] ============================================
# UVM_INFO ../tb/ddr5_scoreboard.sv(159) @ 9580000: uvm_test_top.env.scoreboard [SB]   Tong giao dich  : 8
# UVM_INFO ../tb/ddr5_scoreboard.sv(160) @ 9580000: uvm_test_top.env.scoreboard [SB]   PASS            : 8
# UVM_INFO ../tb/ddr5_scoreboard.sv(161) @ 9580000: uvm_test_top.env.scoreboard [SB]   FAIL            : 0
# UVM_INFO ../tb/ddr5_scoreboard.sv(162) @ 9580000: uvm_test_top.env.scoreboard [SB] ============================================
# UVM_INFO ../tb/ddr5_scoreboard.sv(164) @ 9580000: uvm_test_top.env.scoreboard [SB] >>> TEST PASSED <<<
#
# --- UVM Report Summary ---
#
# ** Report counts by severity
# UVM_INFO :   86
# UVM_WARNING :    0
# UVM_ERROR :    0
# UVM_FATAL :    0
# ** Report counts by id
# [COV]    22
# [DRAM_MON]     1
# [DRV]    17
# [MC_MON]     8
# [Questa UVM]     2
# [RNTST]     1
# [SB]    32
# [SEQ]     2
# [TEST_DONE]     1
# ** Note: $finish    : E:/ProgramFiles/Questasim/win64/../verilog_src/uvm-1.1d/src/base/uvm_root.svh(430)
#    Time: 9580 ns  Iteration: 54  Instance: /tb_top

=== Log da luu vao: ddr5_burst_len_variation_test.log ===
# UVM_INFO ../tb/ddr5_scoreboard.sv(142) @ 215000: uvm_test_top.env.scoreboard [SB] [PASS #1] DQ khop: expected=0xaa actual=0xaa | CRC_ref=0x9a
# UVM_INFO ../tb/ddr5_scoreboard.sv(142) @ 1375000: uvm_test_top.env.scoreboard [SB] [PASS #2] DQ khop: expected=0x11 actual=0x11 | CRC_ref=0x42
# UVM_INFO ../tb/ddr5_scoreboard.sv(142) @ 2535000: uvm_test_top.env.scoreboard [SB] [PASS #3] DQ khop: expected=0xff actual=0xff | CRC_ref=0xd7
# UVM_INFO ../tb/ddr5_scoreboard.sv(142) @ 3695000: uvm_test_top.env.scoreboard [SB] [PASS #4] DQ khop: expected=0x0f actual=0x0f | CRC_ref=0xc3
# UVM_INFO ../tb/ddr5_scoreboard.sv(142) @ 4855000: uvm_test_top.env.scoreboard [SB] [PASS #5] DQ khop: expected=0x77 actual=0x77 | CRC_ref=0xc9
# UVM_INFO ../tb/ddr5_scoreboard.sv(142) @ 6015000: uvm_test_top.env.scoreboard [SB] [PASS #6] DQ khop: expected=0x00 actual=0x00 | CRC_ref=0x00
# UVM_INFO ../tb/ddr5_scoreboard.sv(142) @ 7175000: uvm_test_top.env.scoreboard [SB] [PASS #7] DQ khop: expected=0x00 actual=0x00 | CRC_ref=0x00
# UVM_INFO ../tb/ddr5_scoreboard.sv(142) @ 8335000: uvm_test_top.env.scoreboard [SB] [PASS #8] DQ khop: expected=0xa5 actual=0xa5 | CRC_ref=0x59
# UVM_INFO ../tb/ddr5_scoreboard.sv(160) @ 9580000: uvm_test_top.env.scoreboard [SB]   PASS            : 8
# UVM_INFO ../tb/ddr5_scoreboard.sv(161) @ 9580000: uvm_test_top.env.scoreboard [SB]   FAIL            : 0
# UVM_INFO ../tb/ddr5_scoreboard.sv(164) @ 9580000: uvm_test_top.env.scoreboard [SB] >>> TEST PASSED <<<
# ** Report counts by severity
# UVM_ERROR :    0
# UVM_FATAL :    0
# ** Report counts by id
make[1]: Leaving directory '/e/tostudy/learned/HK10/Do An Tot Nghiep/practices/ddr5_phy_uvm/sim'
======================================
  REGRESSION HOAN TAT (12/12 tests)
